Start Date,End Date,Approving,Disapproving,Unsure/NoData,Candidate
2025-01-02,1/15/2025,40,54,6,biden
2024-12-02,12/18/2024,39,56,5,biden
2024-11-06,11/20/2024,37,58,6,biden
2024-10-14,10/27/2024,41,39,3,biden
2024-10-01,10/12/2024,39,56,5,biden
2024-09-16,9/28/2024,45,52,3,biden
2024-09-03,9/15/2024,39,58,3,biden
2024-08-01,8/20/2024,43,53,4,biden
2024-07-01,7/21/2024,36,58,6,biden
2024-06-03,6/23/2024,38,58,4,biden
2024-05-01,5/23/2024,39,56,5,biden
2024-04-01,4/22/2024,38,58,4,biden
2024-03-01,3/20/2024,40,55,5,biden
2024-02-01,2/20/2024,38,59,3,biden
2024-01-02,1/22/2024,41,54,5,biden
2023-12-01,12/20/2023,39,59,2,biden
2023-11-01,11/20/2023,37,59,4,biden
2023-10-02,10/23/2023,37,59,4,biden
2023-09-01,9/23/2023,41,58,1,biden
2023-08-01,8/23/2023,42,53,5,biden
2023-07-03,7/27/2023,40,55,4,biden
2023-06-01,6/22/2023,43,54,3,biden
2023-05-01,5/24/2023,39,57,5,biden
2023-04-03,4/25/2023,37,59,4,biden
2023-03-01,3/23/2023,40,56,4,biden
2023-02-01,2/23/2023,42,54,5,biden
2023-01-02,1/22/2023,41,54,4,biden
2022-11-09,12/2/2022,40,55,5,biden
2022-10-03,10/20/2022,40,56,4,biden
2022-09-01,9/16/2022,42,56,4,biden
2022-08-01,8/23/2022,44,53,3,biden
2022-07-05,7/26/2022,38,59,3,biden
2022-06-01,6/20/2022,41,57,3,biden
2022-05-02,5/22/2022,41,54,5,biden
2022-04-01,4/19/2022,41,56,3,biden
2022-03-01,3/18/2022,42,54,4,biden
2022-02-01,2/17/2022,41,55,4,biden
2022-01-03,1/16/2022,40,56,4,biden
2021-12-01,12/16/2021,43,51,6,biden
2021-11-01,11/16/2021,42,55,3,biden
2021-10-01,10/19/2021,42,52,6,biden
2021-09-01,9/17/2021,43,55,2,biden
2021-08-02,8/17/2021,49,48,3,biden
2021-07-06,7/21/2021,50,45,5,biden
2021-06-01,6/18/2021,56,42,2,biden
2021-05-03,5/18/2021,54,40,6,biden
2021-04-01,4/21/2021,57,40,3,biden
2021-03-01,3/15/2021,54,42,4,biden
2021-02-03,2/18/2021,56,40,4,biden
2021-01-21,2/2/2021,57,37,6,biden
2021-01-04,01/15/2021,34,62,4,trump
2020-12-01,12/17/2020,39,57,4,trump
2020-11-05,11/19/2020,43,55,2,trump
2020-10-16,10/27/2020,46,52,2,trump
2020-09-30,10/15/2020,43,55,2,trump
2020-09-14,09/28/2020,46,52,2,trump
2020-08-31,09/13/2020,42,56,2,trump
2020-07-30,08/12/2020,42,55,3,trump
2020-07-01,07/23/2020,41,56,3,trump
2020-06-08,06/30/2020,38,57,5,trump
2020-05-28,06/04/2020,39,57,4,trump
2020-05-01,05/13/2020,49,48,3,trump
2020-04-14,04/28/2020,49,47,4,trump
2020-04-01,04/14/2020,43,54,3,trump
2020-03-13,03/22/2020,49,45,6,trump
2020-03-02,03/13/2020,44,52,4,trump
2020-02-17,02/28/2020,47,51,2,trump
2020-02-03,02/16/2020,49,48,3,trump
2020-01-16,01/29/2020,49,50,1,trump
2020-01-02,01/15/2020,44,53,3,trump
2019-12-02,12/15/2019,45,51,4,trump
2019-11-01,11/14/2019,43,54,3,trump
2019-10-14,10/31/2019,41,57,2,trump
2019-10-01,10/13/2019,39,57,4,trump
2019-09-16,09/30/2019,40,56,4,trump
2019-09-03,09/15/2019,43,54,3,trump
2019-08-15,08/30/2019,39,57,4,trump
2019-08-01,08/14/2019,41,54,5,trump
2019-07-15,07/31/2019,42,54,4,trump
2019-07-01,07/12/2019,44,51,5,trump
2019-06-19,06/30/2019,41,54,5,trump
2019-06-03,06/16/2019,43,55,2,trump
2019-05-15,05/30/2019,40,55,5,trump
2019-05-01,05/12/2019,42,52,6,trump
2019-04-17,04/30/2019,46,50,4,trump
2019-04-01,04/09/2019,45,51,4,trump
2019-03-01,03/10/2019,39,57,4,trump
2019-02-12,02/28/2019,43,54,3,trump
2019-02-01,02/10/2019,44,52,4,trump
2019-01-21,01/27/2019,37,59,4,trump
2019-01-02,01/10/2019,37,59,4,trump
2018-12-17,12/22/2018,39,55,6,trump
2018-12-10,12/16/2018,38,57,5,trump
2018-12-03,12/09/2018,40,56,4,trump
2018-11-26,12/02/2018,38,60,2,trump
2018-11-19,11/25/2018,43,53,4,trump
2018-11-12,11/18/2018,38,56,6,trump
2018-11-05,11/11/2018,40,54,6,trump
2018-10-29,11/04/2018,40,54,6,trump
2018-10-22,10/28/2018,44,50,6,trump
2018-10-15,10/21/2018,44,51,5,trump
2018-10-08,10/14/2018,43,53,4,trump
2018-10-01,10/07/2018,42,53,5,trump
2018-09-24,09/30/2018,40,56,4,trump
2018-09-17,09/23/2018,38,56,6,trump
2018-09-10,09/16/2018,40,54,6,trump
2018-09-03,09/09/2018,41,53,6,trump
2018-08-27,09/02/2018,41,54,5,trump
2018-08-20,08/26/2018,42,52,6,trump
2018-08-13,08/19/2018,39,56,5,trump
2018-08-06,08/12/2018,41,54,5,trump
2018-07-30,08/05/2018,40,55,5,trump
2018-07-23,07/29/2018,42,54,4,trump
2018-07-16,07/22/2018,43,52,5,trump
2018-07-09,07/15/2018,41,56,3,trump
2018-07-02,07/08/2018,42,53,5,trump
2018-06-25,07/01/2018,41,55,4,trump
2018-06-18,06/24/2018,45,50,5,trump
2018-06-11,06/17/2018,42,54,4,trump
2018-06-04,06/10/2018,41,55,5,trump
2018-05-28,06/03/2018,40,54,4,trump
2018-05-21,05/27/2018,42,52,5,trump
2018-05-14,05/20/2018,43,52,5,trump
2018-05-07,05/13/2018,42,53,5,trump
2018-04-30,05/06/2018,42,55,6,trump
2018-04-23,04/29/2018,39,55,5,trump
2018-04-16,04/22/2018,39,54,5,trump
2018-04-09,04/15/2018,41,56,5,trump
2018-04-02,04/08/2018,39,55,5,trump
2018-03-26,04/01/2018,39,56,5,trump
2018-03-19,03/25/2018,40,56,5,trump
2018-03-12,03/18/2018,39,55,6,trump
2018-03-05,03/11/2018,37,59,4,trump
2018-02-26,03/04/2018,40,57,3,trump
2018-02-19,02/25/2018,38,58,4,trump
2018-02-12,02/18/2018,36,59,5,trump
2018-02-05,02/11/2018,38,57,5,trump
2018-01-29,02/04/2018,37,58,5,trump
2018-01-21,01/28/2018,39,55,6,trump
2018-01-15,01/21/2018,37,57,6,trump
2018-01-08,01/14/2018,35,60,5,trump
2018-01-01,01/07/2018,36,59,5,trump
2017-12-25,12/31/2017,35,59,6,trump
2017-12-18,12/24/2017,37,56,7,trump
2017-12-11,12/17/2017,38,57,5,trump
2017-12-04,12/10/2017,38,58,6,trump
2017-11-27,12/03/2017,35,60,5,trump
2017-11-20,11/26/2017,36,58,5,trump
2017-11-13,11/19/2017,37,57,5,trump
2017-11-06,11/12/2017,38,58,5,trump
2017-10-30,11/05/2017,37,58,5,trump
2017-10-23,10/29/2017,38,59,5,trump
2017-10-16,10/22/2017,37,58,5,trump
2017-10-09,10/15/2017,36,59,5,trump
2017-10-02,10/08/2017,35,60,5,trump
2017-09-25,10/01/2017,37,58,5,trump
2017-09-18,09/24/2017,36,58,6,trump
2017-09-11,09/17/2017,37,58,5,trump
2017-09-04,09/10/2017,38,57,5,trump
2017-08-28,09/03/2017,37,58,5,trump
2017-08-21,08/27/2017,39,56,5,trump
2017-08-14,08/20/2017,38,57,5,trump
2017-08-07,08/13/2017,39,56,5,trump
2017-07-31,08/06/2017,38,57,5,trump
2017-07-24,07/30/2017,37,58,5,trump
2017-07-17,07/23/2017,38,56,6,trump
2017-07-10,07/16/2017,42,53,5,trump
2017-07-03,07/09/2017,41,54,5,trump
2017-06-26,07/02/2017,41,52,7,trump
2017-06-19,06/25/2017,40,54,6,trump
2017-06-12,06/18/2017,40,53,7,trump
2017-06-05,06/11/2017,38,57,5,trump
2017-05-29,06/04/2017,39,56,5,trump
2017-05-22,05/28/2017,40,55,5,trump
2017-05-15,05/21/2017,43,52,5,trump
2017-05-08,05/14/2017,42,53,5,trump
2017-05-01,05/07/2017,40,55,5,trump
2017-04-24,04/30/2017,41,54,5,trump
2017-04-17,04/23/2017,45,47,8,trump
2017-04-10,04/16/2017,38,56,6,trump
2017-04-03,04/09/2017,38,56,6,trump
2017-03-27,04/02/2017,42,53,5,trump
2017-03-20,03/26/2017,41,54,5,trump
2017-03-13,03/19/2017,41,52,7,trump
2017-03-06,03/12/2017,40,54,6,trump
2017-02-27,03/05/2017,40,53,6,trump
2017-02-20,02/26/2017,38,56,6,trump
2017-02-13,02/19/2017,39,55,6,trump
2017-02-06,02/12/2017,40,54,6,trump
2017-01-30,02/05/2017,43,52,5,trump
2017-01-20,01/29/2017,45,47,8,trump
2017-01-16,01/19/2017,59,37,4,obama
2017-01-09,01/15/2017,57,39,4,obama
2017-01-02,01/08/2017,55,42,3,obama
2016-12-26,01/01/2017,55,40,5,obama
2016-12-19,12/25/2016,56,40,4,obama
2016-12-12,12/18/2016,56,40,4,obama
2016-12-05,12/11/2016,57,40,3,obama
2016-11-28,12/04/2016,54,43,3,obama
2016-11-21,11/27/2016,56,40,4,obama
2016-11-14,11/20/2016,56,41,3,obama
2016-11-07,11/13/2016,57,41,2,obama
2016-10-31,11/06/2016,53,45,2,obama
2016-10-24,10/30/2016,54,44,2,obama
2016-10-17,10/23/2016,55,42,3,obama
2016-10-10,10/16/2016,54,43,3,obama
2016-10-03,10/09/2016,52,45,3,obama
2016-09-26,10/02/2016,53,44,3,obama
2016-09-19,09/25/2016,53,43,4,obama
2016-09-12,09/18/2016,52,44,4,obama
2016-09-05,09/11/2016,51,45,4,obama
2016-08-29,09/04/2016,52,44,4,obama
2016-08-22,08/28/2016,51,45,4,obama
2016-08-15,08/21/2016,51,44,5,obama
2016-08-08,08/14/2016,52,44,4,obama
2016-08-01,08/07/2016,52,45,3,obama
2016-07-25,07/31/2016,53,44,3,obama
2016-07-18,07/24/2016,49,47,4,obama
2016-07-11,07/17/2016,49,46,5,obama
2016-07-04,07/10/2016,51,45,4,obama
2016-06-27,07/03/2016,51,45,4,obama
2016-06-20,06/26/2016,50,46,4,obama
2016-06-13,06/19/2016,53,44,3,obama
2016-06-06,06/12/2016,53,43,4,obama
2016-05-30,06/05/2016,51,44,5,obama
2016-05-23,05/29/2016,52,44,4,obama
2016-05-16,05/22/2016,51,45,4,obama
2016-05-09,05/15/2016,51,45,4,obama
2016-05-02,05/08/2016,52,44,4,obama
2016-04-25,05/01/2016,51,46,3,obama
2016-04-18,04/24/2016,51,45,4,obama
2016-04-11,04/17/2016,48,47,5,obama
2016-04-04,04/10/2016,51,45,4,obama
2016-03-28,04/03/2016,51,45,4,obama
2016-03-21,03/27/2016,53,44,3,obama
2016-03-14,03/20/2016,50,46,4,obama
2016-03-07,03/13/2016,51,45,4,obama
2016-02-29,03/06/2016,50,46,4,obama
2016-02-22,02/28/2016,48,47,5,obama
2016-02-15,02/21/2016,48,48,4,obama
2016-02-08,02/14/2016,48,48,4,obama
2016-02-01,02/07/2016,47,50,3,obama
2016-01-25,01/31/2016,48,48,4,obama
2016-01-18,01/24/2016,48,47,5,obama
2016-01-11,01/17/2016,48,47,5,obama
2016-01-04,01/10/2016,47,49,4,obama
2015-12-28,01/03/2016,45,52,3,obama
2015-12-21,12/27/2015,48,49,3,obama
2015-12-14,12/20/2015,45,51,4,obama
2015-12-07,12/13/2015,45,50,5,obama
2015-11-30,12/06/2015,47,49,4,obama
2015-11-23,11/29/2015,46,49,5,obama
2015-11-16,11/22/2015,44,52,4,obama
2015-11-09,11/15/2015,49,47,4,obama
2015-11-02,11/08/2015,49,48,3,obama
2015-10-26,11/01/2015,47,49,4,obama
2015-10-19,10/25/2015,46,50,4,obama
2015-10-12,10/18/2015,46,50,4,obama
2015-10-05,10/11/2015,46,50,4,obama
2015-09-28,10/04/2015,47,49,4,obama
2015-09-21,09/27/2015,48,49,3,obama
2015-09-14,09/20/2015,46,51,3,obama
2015-09-07,09/13/2015,46,49,5,obama
2015-08-31,09/06/2015,46,50,4,obama
2015-08-24,08/30/2015,46,50,4,obama
2015-08-17,08/23/2015,44,51,5,obama
2015-08-10,08/16/2015,46,49,5,obama
2015-08-03,08/09/2015,46,50,4,obama
2015-07-27,08/02/2015,46,49,5,obama
2015-07-20,07/26/2015,46,50,4,obama
2015-07-13,07/19/2015,46,48,6,obama
2015-07-06,07/12/2015,46,49,5,obama
2015-06-29,07/05/2015,46,49,5,obama
2015-06-22,06/28/2015,47,49,4,obama
2015-06-15,06/21/2015,45,50,5,obama
2015-06-08,06/14/2015,45,49,6,obama
2015-06-01,06/07/2015,46,49,5,obama
2015-05-25,05/31/2015,47,49,4,obama
2015-05-18,05/24/2015,46,49,5,obama
2015-05-11,05/17/2015,47,49,4,obama
2015-05-04,05/10/2015,47,48,5,obama
2015-04-27,05/03/2015,48,48,4,obama
2015-04-20,04/26/2015,45,49,6,obama
2015-04-13,04/19/2015,46,50,4,obama
2015-04-06,04/12/2015,48,48,4,obama
2015-03-30,04/05/2015,47,48,5,obama
2015-03-23,03/29/2015,46,49,5,obama
2015-03-16,03/22/2015,45,50,5,obama
2015-03-09,03/15/2015,47,48,5,obama
2015-03-02,03/08/2015,46,49,5,obama
2015-02-23,03/01/2015,45,50,5,obama
2015-02-16,02/22/2015,46,49,5,obama
2015-02-09,02/15/2015,47,48,5,obama
2015-02-02,02/08/2015,46,49,5,obama
2015-01-26,02/01/2015,47,48,5,obama
2015-01-19,01/25/2015,49,47,4,obama
2015-01-12,01/18/2015,46,49,5,obama
2015-01-05,01/11/2015,46,48,6,obama
2014-12-29,01/04/2015,46,48,6,obama
2014-12-22,12/28/2014,44,50,6,obama
2014-12-15,12/21/2014,45,51,4,obama
2014-12-08,12/14/2014,43,52,5,obama
2014-12-01,12/07/2014,43,52,5,obama
2014-11-24,11/30/2014,43,52,5,obama
2014-11-17,11/23/2014,42,53,5,obama
2014-11-10,11/16/2014,42,52,6,obama
2014-11-03,11/09/2014,40,54,6,obama
2014-10-27,11/02/2014,42,53,5,obama
2014-10-20,10/26/2014,42,53,5,obama
2014-10-13,10/19/2014,41,54,5,obama
2014-10-06,10/12/2014,41,55,4,obama
2014-09-29,10/05/2014,43,53,4,obama
2014-09-22,09/28/2014,42,52,6,obama
2014-09-15,09/21/2014,43,52,5,obama
2014-09-08,09/14/2014,41,54,5,obama
2014-09-01,09/07/2014,40,53,7,obama
2014-08-25,08/31/2014,41,53,6,obama
2014-08-18,08/24/2014,43,51,6,obama
2014-08-11,08/17/2014,41,53,6,obama
2014-08-04,08/10/2014,42,53,5,obama
2014-07-28,08/03/2014,42,54,4,obama
2014-07-21,07/27/2014,41,53,6,obama
2014-07-14,07/20/2014,43,51,6,obama
2014-07-07,07/13/2014,42,53,5,obama
2014-06-30,07/06/2014,43,52,5,obama
2014-06-23,06/29/2014,42,52,6,obama
2014-06-16,06/22/2014,41,55,4,obama
2014-06-09,06/15/2014,42,52,6,obama
2014-06-02,06/08/2014,44,50,6,obama
2014-05-26,06/01/2014,44,51,5,obama
2014-05-19,05/25/2014,43,52,5,obama
2014-05-12,05/18/2014,44,51,5,obama
2014-05-05,05/11/2014,45,50,5,obama
2014-04-28,05/04/2014,44,50,6,obama
2014-04-21,04/27/2014,44,50,6,obama
2014-04-14,04/20/2014,44,50,6,obama
2014-04-07,04/13/2014,43,51,6,obama
2014-03-31,04/06/2014,44,51,5,obama
2014-03-24,03/30/2014,43,52,5,obama
2014-03-17,03/23/2014,44,51,5,obama
2014-03-10,03/16/2014,40,54,6,obama
2014-03-03,03/09/2014,43,53,4,obama
2014-02-24,03/02/2014,42,54,4,obama
2014-02-17,02/23/2014,45,51,4,obama
2014-02-10,02/16/2014,40,53,7,obama
2014-02-03,02/09/2014,41,51,8,obama
2014-01-27,02/02/2014,42,50,8,obama
2014-01-20,01/26/2014,42,50,8,obama
2014-01-13,01/19/2014,40,52,8,obama
2014-01-06,01/12/2014,41,51,8,obama
2014-01-02,01/05/2014,41,53,6,obama
2013-12-23,12/29/2013,43,51,6,obama
2013-12-16,12/22/2013,40,52,8,obama
2013-12-09,12/15/2013,42,50,8,obama
2013-12-02,12/08/2013,41,51,8,obama
2013-11-25,12/01/2013,42,52,6,obama
2013-11-18,11/24/2013,40,53,7,obama
2013-11-11,11/17/2013,41,52,7,obama
2013-11-04,11/10/2013,41,52,7,obama
2013-10-28,11/03/2013,41,52,7,obama
2013-10-21,10/27/2013,43,50,7,obama
2013-10-14,10/20/2013,43,51,6,obama
2013-10-07,10/13/2013,42,52,6,obama
2013-09-30,10/06/2013,44,50,6,obama
2013-09-23,09/29/2013,45,48,7,obama
2013-09-16,09/22/2013,44,47,9,obama
2013-09-09,09/15/2013,45,46,9,obama
2013-09-02,09/08/2013,44,48,8,obama
2013-08-26,09/01/2013,44,48,8,obama
2013-08-19,08/25/2013,46,46,8,obama
2013-08-12,08/18/2013,46,45,9,obama
2013-08-05,08/11/2013,44,48,8,obama
2013-07-29,08/04/2013,45,48,7,obama
2013-07-22,07/28/2013,46,47,7,obama
2013-07-15,07/21/2013,47,46,7,obama
2013-07-08,07/14/2013,46,47,7,obama
2013-07-01,07/07/2013,46,46,8,obama
2013-06-24,06/30/2013,47,45,8,obama
2013-06-17,06/23/2013,46,46,8,obama
2013-06-10,06/16/2013,47,46,7,obama
2013-06-03,06/09/2013,48,45,7,obama
2013-05-27,06/02/2013,48,44,8,obama
2013-05-20,05/26/2013,49,44,7,obama
2013-05-13,05/19/2013,49,44,7,obama
2013-05-06,05/12/2013,49,44,7,obama
2013-04-29,05/05/2013,50,44,6,obama
2013-04-22,04/28/2013,51,42,7,obama
2013-04-15,04/21/2013,50,43,7,obama
2013-04-08,04/14/2013,49,45,6,obama
2013-04-01,04/07/2013,48,45,7,obama
2013-03-25,03/30/2013,48,45,7,obama
2013-03-18,03/24/2013,47,45,8,obama
2013-03-11,03/17/2013,48,46,6,obama
2013-03-04,03/10/2013,49,44,7,obama
2013-02-25,03/03/2013,49,44,7,obama
2013-02-18,02/24/2013,51,42,7,obama
2013-02-11,02/17/2013,51,43,6,obama
2013-02-04,02/10/2013,52,42,6,obama
2013-01-28,02/03/2013,53,42,5,obama
2013-01-21,01/27/2013,52,43,5,obama
2013-01-14,01/20/2013,50,43,7,obama
2013-01-07,01/13/2013,54,41,5,obama
2012-12-31,01/06/2013,53,40,7,obama
2012-12-24,12/30/2012,53,41,6,obama
2012-12-17,12/23/2012,57,37,6,obama
2012-12-10,12/16/2012,52,40,8,obama
2012-12-03,12/09/2012,50,44,6,obama
2012-11-26,12/02/2012,51,42,7,obama
2012-11-19,11/25/2012,52,40,8,obama
2012-11-12,11/18/2012,53,41,6,obama
2012-11-05,11/11/2012,51,43,6,obama
2012-10-29,11/04/2012,52,45,3,obama
2012-10-22,10/28/2012,50,45,5,obama
2012-10-15,10/21/2012,50,45,5,obama
2012-10-08,10/14/2012,50,45,5,obama
2012-10-01,10/07/2012,52,43,5,obama
2012-09-24,09/30/2012,48,45,7,obama
2012-09-17,09/23/2012,49,45,6,obama
2012-09-10,09/16/2012,50,44,6,obama
2012-09-03,09/09/2012,50,44,6,obama
2012-08-27,09/02/2012,44,47,9,obama
2012-08-20,08/26/2012,46,47,7,obama
2012-08-13,08/19/2012,45,49,6,obama
2012-08-06,08/12/2012,45,49,6,obama
2012-07-30,08/05/2012,45,48,7,obama
2012-07-23,07/29/2012,47,47,6,obama
2012-07-16,07/22/2012,45,48,7,obama
2012-07-09,07/15/2012,46,47,7,obama
2012-07-02,07/08/2012,45,46,9,obama
2012-06-25,07/01/2012,47,46,7,obama
2012-06-18,06/24/2012,46,48,6,obama
2012-06-11,06/17/2012,46,48,6,obama
2012-06-04,06/10/2012,47,46,7,obama
2012-05-28,06/03/2012,46,46,8,obama
2012-05-21,05/27/2012,48,46,6,obama
2012-05-14,05/20/2012,47,46,7,obama
2012-05-07,05/13/2012,47,47,6,obama
2012-04-30,05/06/2012,48,46,6,obama
2012-04-23,04/29/2012,48,46,6,obama
2012-04-16,04/22/2012,48,46,6,obama
2012-04-09,04/15/2012,47,46,7,obama
2012-04-02,04/08/2012,47,46,7,obama
2012-03-26,04/01/2012,46,45,9,obama
2012-03-19,03/25/2012,46,45,9,obama
2012-03-12,03/18/2012,46,47,7,obama
2012-03-05,03/11/2012,48,44,8,obama
2012-02-27,03/04/2012,45,48,7,obama
2012-02-20,02/26/2012,45,47,8,obama
2012-02-13,02/19/2012,45,47,8,obama
2012-02-06,02/12/2012,47,47,6,obama
2012-01-30,02/05/2012,46,47,7,obama
2012-01-23,01/29/2012,45,48,7,obama
2012-01-16,01/22/2012,45,46,9,obama
2012-01-09,01/15/2012,45,47,8,obama
2012-01-02,01/08/2012,46,47,7,obama
2011-12-26,01/01/2012,42,49,9,obama
2011-12-19,12/25/2011,45,47,8,obama
2011-12-12,12/18/2011,42,50,8,obama
2011-12-05,12/11/2011,43,50,7,obama
2011-11-28,12/04/2011,42,50,8,obama
2011-11-21,11/27/2011,43,49,8,obama
2011-11-14,11/20/2011,43,49,8,obama
2011-11-07,11/13/2011,43,48,9,obama
2011-10-31,11/06/2011,43,50,7,obama
2011-10-24,10/30/2011,43,49,8,obama
2011-10-17,10/23/2011,41,51,8,obama
2011-10-10,10/16/2011,41,52,7,obama
2011-10-03,10/09/2011,40,53,7,obama
2011-09-26,10/02/2011,41,50,9,obama
2011-09-19,09/25/2011,41,51,8,obama
2011-09-12,09/18/2011,40,52,8,obama
2011-09-05,09/11/2011,43,49,8,obama
2011-08-29,09/04/2011,42,51,7,obama
2011-08-22,08/28/2011,40,53,7,obama
2011-08-15,08/21/2011,40,53,7,obama
2011-08-08,08/14/2011,40,52,8,obama
2011-08-01,08/07/2011,42,50,8,obama
2011-07-25,07/31/2011,42,49,9,obama
2011-07-18,07/24/2011,43,48,9,obama
2011-07-11,07/17/2011,44,48,8,obama
2011-07-04,07/10/2011,46,45,9,obama
2011-06-27,07/03/2011,46,47,7,obama
2011-06-20,06/26/2011,43,49,8,obama
2011-06-13,06/19/2011,47,45,8,obama
2011-06-06,06/12/2011,46,44,10,obama
2011-05-30,06/05/2011,50,42,8,obama
2011-05-23,05/29/2011,49,43,8,obama
2011-05-16,05/22/2011,50,43,7,obama
2011-05-09,05/15/2011,49,43,8,obama
2011-05-02,05/08/2011,51,40,9,obama
2011-04-25,05/01/2011,44,47,9,obama
2011-04-18,04/24/2011,43,48,9,obama
2011-04-11,04/17/2011,43,48,9,obama
2011-04-04,04/10/2011,45,46,9,obama
2011-03-28,04/03/2011,48,44,8,obama
2011-03-21,03/27/2011,45,47,8,obama
2011-03-14,03/20/2011,48,44,8,obama
2011-03-07,03/13/2011,47,45,8,obama
2011-02-28,03/06/2011,46,46,8,obama
2011-02-21,02/27/2011,48,44,8,obama
2011-02-14,02/20/2011,48,43,9,obama
2011-02-07,02/13/2011,48,43,9,obama
2011-01-31,02/06/2011,47,45,8,obama
2011-01-24,01/30/2011,50,42,8,obama
2011-01-17,01/23/2011,50,42,8,obama
2011-01-10,01/16/2011,49,42,9,obama
2011-01-03,01/09/2011,48,45,7,obama
2010-12-27,01/02/2011,48,44,8,obama
2010-12-20,12/26/2010,47,46,7,obama
2010-12-13,12/19/2010,46,46,8,obama
2010-12-06,12/12/2010,45,48,7,obama
2010-11-29,12/05/2010,46,46,8,obama
2010-11-22,11/28/2010,45,47,8,obama
2010-11-15,11/21/2010,46,46,8,obama
2010-11-08,11/14/2010,44,48,8,obama
2010-11-01,11/07/2010,45,47,8,obama
2010-10-25,10/31/2010,45,48,7,obama
2010-10-18,10/24/2010,44,48,8,obama
2010-10-11,10/17/2010,45,47,8,obama
2010-10-04,10/10/2010,46,48,6,obama
2010-09-27,10/03/2010,46,47,7,obama
2010-09-20,09/26/2010,44,48,8,obama
2010-09-13,09/19/2010,46,47,7,obama
2010-09-06,09/12/2010,46,46,8,obama
2010-08-30,09/05/2010,45,47,8,obama
2010-08-23,08/29/2010,43,49,8,obama
2010-08-16,08/22/2010,43,50,7,obama
2010-08-09,08/15/2010,44,48,8,obama
2010-08-02,08/08/2010,45,48,7,obama
2010-07-26,08/01/2010,45,47,8,obama
2010-07-19,07/25/2010,45,47,8,obama
2010-07-12,07/18/2010,46,46,8,obama
2010-07-05,07/11/2010,46,47,7,obama
2010-06-28,07/04/2010,46,45,9,obama
2010-06-21,06/27/2010,45,46,9,obama
2010-06-14,06/20/2010,47,45,8,obama
2010-06-07,06/13/2010,46,46,8,obama
2010-05-31,06/06/2010,47,45,8,obama
2010-05-24,05/30/2010,46,46,8,obama
2010-05-17,05/23/2010,48,45,7,obama
2010-05-10,05/16/2010,49,43,8,obama
2010-05-03,05/09/2010,50,43,7,obama
2010-04-26,05/02/2010,48,45,7,obama
2010-04-19,04/25/2010,50,43,7,obama
2010-04-12,04/18/2010,48,45,7,obama
2010-04-05,04/11/2010,47,46,7,obama
2010-03-29,04/04/2010,49,44,7,obama
2010-03-22,03/28/2010,49,44,7,obama
2010-03-15,03/21/2010,48,45,7,obama
2010-03-08,03/14/2010,48,45,7,obama
2010-03-01,03/07/2010,49,44,7,obama
2010-02-22,02/28/2010,50,43,7,obama
2010-02-15,02/21/2010,49,43,8,obama
2010-02-08,02/14/2010,51,42,7,obama
2010-02-01,02/07/2010,50,43,7,obama
2010-01-25,01/31/2010,48,45,7,obama
2010-01-18,01/24/2010,49,46,5,obama
2010-01-11,01/17/2010,50,43,7,obama
2010-01-04,01/10/2010,51,43,6,obama
2009-12-28,01/03/2010,51,43,6,obama
2009-12-21,12/27/2009,51,43,6,obama
2009-12-14,12/20/2009,50,43,7,obama
2009-12-07,12/13/2009,49,42,9,obama
2009-11-30,12/06/2009,50,44,6,obama
2009-11-23,11/29/2009,50,42,8,obama
2009-11-16,11/22/2009,49,44,7,obama
2009-11-09,11/15/2009,53,39,8,obama
2009-11-02,11/08/2009,52,42,6,obama
2009-10-26,11/01/2009,53,41,6,obama
2009-10-19,10/25/2009,53,39,8,obama
2009-10-12,10/18/2009,52,41,7,obama
2009-10-05,10/11/2009,54,38,8,obama
2009-09-28,10/04/2009,52,40,8,obama
2009-09-21,09/27/2009,51,41,8,obama
2009-09-14,09/20/2009,52,41,7,obama
2009-09-07,09/13/2009,52,41,7,obama
2009-08-31,09/06/2009,53,40,7,obama
2009-08-24,08/30/2009,50,43,7,obama
2009-08-17,08/23/2009,52,41,7,obama
2009-08-10,08/16/2009,54,40,6,obama
2009-08-03,08/09/2009,56,37,7,obama
2009-07-27,08/02/2009,54,39,7,obama
2009-07-20,07/26/2009,56,38,6,obama
2009-07-13,07/19/2009,59,33,8,obama
2009-07-06,07/12/2009,58,34,8,obama
2009-06-29,07/05/2009,60,32,8,obama
2009-06-22,06/28/2009,60,33,7,obama
2009-06-15,06/21/2009,59,34,7,obama
2009-06-08,06/14/2009,61,31,8,obama
2009-06-01,06/07/2009,62,31,7,obama
2009-05-25,05/31/2009,63,30,7,obama
2009-05-18,05/24/2009,64,28,8,obama
2009-05-11,05/17/2009,64,29,7,obama
2009-05-04,05/10/2009,66,27,7,obama
2009-04-27,05/03/2009,65,29,6,obama
2009-04-20,04/26/2009,65,29,6,obama
2009-04-13,04/19/2009,62,29,9,obama
2009-04-06,04/12/2009,61,28,11,obama
2009-03-30,04/05/2009,62,28,10,obama
2009-03-23,03/29/2009,61,29,10,obama
2009-03-16,03/22/2009,63,26,11,obama
2009-03-09,03/15/2009,62,28,10,obama
2009-03-02,03/08/2009,62,27,11,obama
2009-02-23,03/01/2009,64,23,13,obama
2009-02-16,02/22/2009,62,25,13,obama
2009-02-09,02/15/2009,64,22,14,obama
2009-02-02,02/08/2009,65,21,14,obama
2009-01-26,02/01/2009,66,18,16,obama
2009-01-19,01/25/2009,67,13,20,obama
2009-01-09,01/11/2009,34,61,5,bushjr
2008-12-12,12/14/2008,29,67,4,bushjr
2008-12-04,12/07/2008,32,61,7,bushjr
2008-11-13,11/16/2008,29,66,5,bushjr
2008-11-07,11/09/2008,28,68,4,bushjr
2008-10-31,11/02/2008,25,70,5,bushjr
2008-10-23,10/26/2008,31,66,3,bushjr
2008-10-10,10/12/2008,25,71,4,bushjr
2008-10-03,10/05/2008,25,70,5,bushjr
2008-09-26,09/27/2008,27,69,4,bushjr
2008-09-08,09/11/2008,31,65,4,bushjr
2008-09-05,09/07/2008,33,64,3,bushjr
2008-08-21,08/23/2008,29,66,5,bushjr
2008-08-07,08/10/2008,33,61,6,bushjr
2008-07-25,07/27/2008,32,65,3,bushjr
2008-07-10,07/13/2008,31,61,8,bushjr
2008-06-15,06/19/2008,28,68,4,bushjr
2008-06-09,06/12/2008,30,64,6,bushjr
2008-05-30,06/01/2008,28,68,4,bushjr
2008-05-08,05/11/2008,29,65,6,bushjr
2008-05-01,05/03/2008,28,67,5,bushjr
2008-04-18,04/20/2008,28,69,3,bushjr
2008-04-06,04/09/2008,28,67,5,bushjr
2008-03-14,03/16/2008,32,64,4,bushjr
2008-03-06,03/09/2008,32,64,4,bushjr
2008-02-21,02/24/2008,32,62,6,bushjr
2008-02-11,02/14/2008,31,65,4,bushjr
2008-02-08,02/10/2008,33,61,6,bushjr
2008-01-30,02/02/2008,34,61,5,bushjr
2008-01-10,1/13/2008,34,60,6,bushjr
2008-01-04,01/06/2008,32,64,4,bushjr
2007-12-14,12/16/2007,32,65,3,bushjr
2007-12-06,12/9/2007,37,57,6,bushjr
2007-11-30,12/02/2007,34,62,4,bushjr
2007-11-11,11/14/2007,32,61,7,bushjr
2007-11-02,11/04/2007,31,64,5,bushjr
2007-10-12,10/14/2007,32,64,4,bushjr
2007-10-04,10/07/2007,32,64,4,bushjr
2007-09-14,09/16/2007,36,62,2,bushjr
2007-09-07,09/08/2007,33,62,5,bushjr
2007-08-13,08/16/2007,32,63,5,bushjr
2007-08-03,08/05/2007,34,62,4,bushjr
2007-07-12,07/15/2007,31,63,6,bushjr
2007-07-06,07/08/2007,29,66,5,bushjr
2007-06-11,06/14/2007,32,65,3,bushjr
2007-06-01,06/03/2007,32,62,6,bushjr
2007-05-10,05/13/2007,33,62,5,bushjr
2007-05-04,05/06/2007,34,63,3,bushjr
2007-04-13,04/15/2007,36,60,4,bushjr
2007-04-02,04/05/2007,38,58,4,bushjr
2007-03-23,03/25/2007,34,62,4,bushjr
2007-03-11,03/14/2007,35,61,4,bushjr
2007-03-02,03/04/2007,33,63,4,bushjr
2007-02-09,02/11/2007,37,59,4,bushjr
2007-02-01,02/04/2007,32,65,3,bushjr
2007-01-15,1/18/2007,36,61,3,bushjr
2007-01-12,1/14/2007,34,63,3,bushjr
2007-01-05,1/7/2007,37,59,4,bushjr
2006-12-11,12/14/2006,35,61,4,bushjr
2006-12-08,12/10/2006,38,59,3,bushjr
2006-11-09,11/12/2006,37,62,1,bushjr
2006-11-02,11/05/2006,38,56,6,bushjr
2006-10-20,10/22/2006,37,58,5,bushjr
2006-10-09,10/12/2006,37,57,6,bushjr
2006-10-06,10/08/2006,37,59,4,bushjr
2006-09-15,09/17/2006,44,51,5,bushjr
2006-09-07,09/10/2006,39,56,5,bushjr
2006-08-18,08/20/2006,42,54,4,bushjr
2006-08-07,08/10/2006,37,59,4,bushjr
2006-07-28,07/30/2006,40,56,4,bushjr
2006-07-21,07/23/2006,37,59,4,bushjr
2006-07-06,07/09/2006,40,55,5,bushjr
2006-06-23,06/25/2006,37,60,3,bushjr
2006-06-09,06/11/2006,38,56,6,bushjr
2006-06-01,06/04/2006,36,57,7,bushjr
2006-05-08,05/11/2006,33,61,6,bushjr
2006-05-05,05/07/2006,31,61,8,bushjr
2006-04-28,04/30/2006,34,65,1,bushjr
2006-04-10,04/13/2006,36,63,1,bushjr
2006-04-07,04/09/2006,37,60,3,bushjr
2006-03-13,03/16/2006,37,59,4,bushjr
2006-03-10,03/12/2006,36,60,4,bushjr
2006-02-28,03/01/2006,38,60,2,bushjr
2006-02-09,02/12/2006,39,56,5,bushjr
2006-02-06,02/09/2006,42,55,3,bushjr
2006-01-20,1/22/2006,43,54,3,bushjr
2006-01-09,1/12/2006,43,53,4,bushjr
2006-01-06,1/8/2006,43,54,3,bushjr
2005-12-19,12/22/2005,43,53,4,bushjr
2005-12-16,12/18/2005,41,56,3,bushjr
2005-12-09,12/11/2005,42,55,3,bushjr
2005-12-05,12/8/2005,43,52,5,bushjr
2005-11-17,11/20/2005,38,57,5,bushjr
2005-11-11,11/13/2005,37,60,3,bushjr
2005-11-07,11/10/2005,40,55,5,bushjr
2005-10-28,10/30/2005,41,56,3,bushjr
2005-10-21,10/23/2005,42,55,3,bushjr
2005-10-13,10/16/2005,39,58,3,bushjr
2005-09-26,09/28/2005,44,50,6,bushjr
2005-09-16,09/18/2005,40,58,2,bushjr
2005-09-12,09/15/2005,45,52,3,bushjr
2005-09-08,09/11/2005,46,51,3,bushjr
2005-08-28,08/30/2005,45,52,3,bushjr
2005-08-22,08/25/2005,40,58,2,bushjr
2005-08-08,08/11/2005,45,51,4,bushjr
2005-08-05,08/07/2005,45,51,4,bushjr
2005-07-25,07/28/2005,44,51,5,bushjr
2005-07-22,07/24/2005,49,48,3,bushjr
2005-07-07,07/10/2005,49,48,3,bushjr
2005-06-29,06/30/2005,46,51,3,bushjr
2005-06-24,06/26/2005,45,53,2,bushjr
2005-06-16,06/19/2005,47,51,2,bushjr
2005-06-06,06/08/2005,47,49,4,bushjr
2005-05-23,05/26/2005,48,47,5,bushjr
2005-05-20,05/22/2005,46,50,4,bushjr
2005-05-02,05/05/2005,50,45,5,bushjr
2005-04-29,05/01/2005,48,49,3,bushjr
2005-04-18,04/21/2005,48,49,3,bushjr
2005-04-04,04/07/2005,50,45,5,bushjr
2005-04-01,04/02/2005,48,48,4,bushjr
2005-03-21,03/23/2005,45,49,6,bushjr
2005-03-18,03/20/2005,52,44,4,bushjr
2005-03-07,03/10/2005,52,44,4,bushjr
2005-02-25,2/27/2005,52,45,3,bushjr
2005-02-21,02/24/2005,51,45,4,bushjr
2005-02-07,2/10/2005,49,48,3,bushjr
2005-02-04,2/6/2005,57,40,3,bushjr
2005-01-14,1/16/2005,51,46,3,bushjr
2005-01-07,1/9/2005,52,44,4,bushjr
2005-01-03,1/5/2005,52,44,4,bushjr
2004-12-17,12/19/2004,49,46,5,bushjr
2004-12-05,12/08/2004,53,44,3,bushjr
2004-11-19,11/21/2004,55,42,3,bushjr
2004-11-07,11/10/2004,53,44,3,bushjr
2004-10-29,10/31/2004,48,47,5,bushjr
2004-10-22,10/24/2004,51,46,3,bushjr
2004-10-14,10/16/2004,51,47,2,bushjr
2004-10-11,10/14/2004,48,49,3,bushjr
2004-10-09,10/10/2004,47,49,4,bushjr
2004-10-01,10/03/2004,50,48,2,bushjr
2004-09-24,09/26/2004,54,44,2,bushjr
2004-09-13,09/15/2004,52,45,3,bushjr
2004-09-03,09/05/2004,52,46,2,bushjr
2004-08-23,08/25/2004,49,47,4,bushjr
2004-08-09,08/11/2004,51,46,3,bushjr
2004-07-30,08/01/2004,48,49,3,bushjr
2004-07-19,07/21/2004,49,47,4,bushjr
2004-07-08,07/11/2004,47,49,4,bushjr
2004-06-21,06/23/2004,48,49,3,bushjr
2004-06-03,06/06/2004,49,49,2,bushjr
2004-05-21,05/23/2004,47,49,4,bushjr
2004-05-07,05/09/2004,46,51,3,bushjr
2004-05-02,05/04/2004,49,48,3,bushjr
2004-04-16,04/18/2004,52,45,3,bushjr
2004-04-05,04/08/2004,52,45,3,bushjr
2004-03-26,03/28/2004,53,44,3,bushjr
2004-03-08,03/11/2004,50,47,3,bushjr
2004-03-05,03/07/2004,49,48,3,bushjr
2004-02-16,2/17/2004,51,46,3,bushjr
2004-02-09,2/12/2004,51,46,3,bushjr
2004-02-06,2/8/2004,52,44,4,bushjr
2004-01-29,02/01/2004,49,48,3,bushjr
2004-01-12,1/15/2004,53,44,3,bushjr
2004-01-09,1/11/2004,59,38,3,bushjr
2004-01-02,1/5/2004,60,35,5,bushjr
2003-12-15,12/16/2003,63,34,3,bushjr
2003-12-11,12/14/2003,56,41,3,bushjr
2003-12-05,12/07/2003,55,43,2,bushjr
2003-11-14,11/16/2003,50,47,3,bushjr
2003-11-10,11/12/2003,51,45,4,bushjr
2003-11-03,11/05/2003,54,43,3,bushjr
2003-10-24,10/26/2003,53,42,5,bushjr
2003-10-10,10/12/2003,56,40,4,bushjr
2003-10-06,10/08/2003,55,42,3,bushjr
2003-09-19,09/21/2003,50,47,3,bushjr
2003-09-08,09/10/2003,52,43,5,bushjr
2003-08-25,08/26/2003,59,37,4,bushjr
2003-08-04,08/06/2003,60,36,4,bushjr
2003-07-25,07/27/2003,58,38,4,bushjr
2003-07-18,07/20/2003,59,38,3,bushjr
2003-07-07,07/09/2003,62,34,4,bushjr
2003-06-27,06/29/2003,61,36,3,bushjr
2003-06-12,06/15/2003,63,33,4,bushjr
2003-06-09,06/10/2003,62,34,4,bushjr
2003-05-30,06/01/2003,64,32,4,bushjr
2003-05-19,05/21/2003,66,30,4,bushjr
2003-05-05,05/07/2003,69,28,3,bushjr
2003-04-22,04/23/2003,70,26,4,bushjr
2003-04-14,04/16/2003,71,24,5,bushjr
2003-04-07,04/09/2003,69,26,5,bushjr
2003-04-05,04/06/2003,70,27,3,bushjr
2003-03-29,03/30/2003,71,26,3,bushjr
2003-03-24,03/25/2003,69,27,4,bushjr
2003-03-22,03/23/2003,71,25,4,bushjr
2003-03-14,03/15/2003,58,38,4,bushjr
2003-03-03,03/05/2003,57,37,6,bushjr
2003-02-24,02/26/2003,57,37,6,bushjr
2003-02-17,2/19/2003,58,37,5,bushjr
2003-02-07,2/9/2003,61,34,5,bushjr
2003-02-03,02/06/2003,59,35,6,bushjr
2003-01-31,2/2/2003,61,35,4,bushjr
2003-01-23,1/25/2003,60,36,4,bushjr
2003-01-20,01/22/2003,58,36,6,bushjr
2003-01-13,1/16/2003,61,34,5,bushjr
2003-01-10,1/12/2003,58,37,5,bushjr
2003-01-03,01/05/2003,63,32,5,bushjr
2002-12-19,12/22/2002,61,32,7,bushjr
2002-12-16,12/17/2002,63,33,4,bushjr
2002-12-09,12/10/2002,63,32,5,bushjr
2002-12-05,12/08/2002,64,29,7,bushjr
2002-11-22,11/24/2002,65,28,7,bushjr
2002-11-11,11/14/2002,66,26,8,bushjr
2002-11-08,11/10/2002,68,27,5,bushjr
2002-10-31,11/03/2002,63,29,8,bushjr
2002-10-21,10/22/2002,67,28,5,bushjr
2002-10-14,10/17/2002,62,31,7,bushjr
2002-10-03,10/06/2002,67,28,5,bushjr
2002-09-23,09/26/2002,68,26,6,bushjr
2002-09-20,09/22/2002,66,30,4,bushjr
2002-09-13,09/16/2002,70,26,4,bushjr
2002-09-05,09/08/2002,66,30,4,bushjr
2002-09-02,09/04/2002,66,29,5,bushjr
2002-08-19,08/21/2002,65,28,7,bushjr
2002-08-05,08/08/2002,68,26,6,bushjr
2002-07-29,07/31/2002,71,23,6,bushjr
2002-07-26,07/28/2002,69,26,5,bushjr
2002-07-22,07/24/2002,69,24,7,bushjr
2002-07-09,07/11/2002,73,21,6,bushjr
2002-07-05,07/08/2002,76,18,6,bushjr
2002-06-28,06/30/2002,76,19,5,bushjr
2002-06-21,06/23/2002,73,21,6,bushjr
2002-06-17,06/19/2002,74,20,6,bushjr
2002-06-07,06/08/2002,74,18,8,bushjr
2002-06-03,06/06/2002,70,23,7,bushjr
2002-05-28,05/29/2002,77,17,6,bushjr
2002-05-20,05/22/2002,76,17,7,bushjr
2002-05-06,05/09/2002,76,19,5,bushjr
2002-04-29,5/1/2002,77,20,3,bushjr
2002-04-22,04/24/2002,77,17,6,bushjr
2002-04-08,4/11/2002,75,20,5,bushjr
2002-04-05,4/7/2002,76,19,5,bushjr
2002-03-22,3/24/2002,79,17,4,bushjr
2002-03-18,03/20/2002,79,16,5,bushjr
2002-03-08,3/9/2002,80,14,6,bushjr
2002-03-04,3/7/2002,77,18,5,bushjr
2002-03-01,03/03/2002,81,14,5,bushjr
2002-02-08,02/10/2002,82,14,4,bushjr
2002-02-04,02/06/2002,82,14,4,bushjr
2002-01-25,01/27/2002,84,13,3,bushjr
2002-01-11,01/14/2002,83,13,4,bushjr
2002-01-07,01/09/2002,84,12,4,bushjr
2001-12-14,12/16/2001,86,11,3,bushjr
2001-12-06,12/09/2001,86,10,4,bushjr
2001-11-26,11/27/2001,87,8,5,bushjr
2001-11-08,11/11/2001,87,9,4,bushjr
2001-11-02,11/04/2001,87,9,4,bushjr
2001-10-19,10/21/2001,88,9,3,bushjr
2001-10-11,10/14/2001,89,8,3,bushjr
2001-10-05,10/06/2001,87,10,3,bushjr
2001-09-21,09/22/2001,90,6,4,bushjr
2001-09-14,09/15/2001,86,10,4,bushjr
2001-09-07,09/10/2001,51,39,10,bushjr
2001-08-24,08/26/2001,55,36,9,bushjr
2001-08-16,08/19/2001,57,34,9,bushjr
2001-08-10,08/12/2001,57,35,8,bushjr
2001-08-03,08/05/2001,55,35,10,bushjr
2001-07-19,07/22/2001,56,33,11,bushjr
2001-07-10,07/11/2001,57,35,8,bushjr
2001-06-28,07/01/2001,52,34,14,bushjr
2001-06-11,06/17/2001,55,33,12,bushjr
2001-06-08,6/10/2001,55,35,10,bushjr
2001-05-18,5/20/2001,56,36,8,bushjr
2001-05-10,5/14/2001,56,31,13,bushjr
2001-05-07,5/9/2001,53,33,14,bushjr
2001-04-20,4/22/2001,62,29,9,bushjr
2001-04-06,4/8/2001,59,30,11,bushjr
2001-03-26,3/28/2001,53,29,18,bushjr
2001-03-09,3/11/2001,58,29,13,bushjr
2001-03-05,3/7/2001,63,22,15,bushjr
2001-02-19,2/21/2001,62,21,17,bushjr
2001-02-09,2/11/2001,57,25,18,bushjr
2001-02-01,2/4/2001,57,25,18,bushjr
2001-01-10,01/14/2001,66,29,5,clinton
2001-01-05,01/07/2001,65,31,4,clinton
2000-12-15,12/17/2000,66,32,2,clinton
2000-12-02,12/04/2000,60,35,5,clinton
2000-11-13,11/15/2000,63,33,4,clinton
2000-10-25,10/28/2000,57,38,5,clinton
2000-10-06,10/09/2000,58,37,5,clinton
2000-09-11,09/13/2000,60,34,6,clinton
2000-08-29,09/03/2000,62,35,3,clinton
2000-08-18,08/19/2000,62,35,3,clinton
2000-08-11,08/12/2000,58,39,3,clinton
2000-08-04,08/05/2000,57,40,3,clinton
2000-07-25,07/26/2000,57,39,4,clinton
2000-07-14,07/16/2000,59,37,4,clinton
2000-07-06,07/09/2000,59,36,5,clinton
2000-06-22,06/25/2000,55,40,5,clinton
2000-06-06,06/07/2000,60,36,4,clinton
2000-05-18,05/21/2000,57,37,6,clinton
2000-05-04,05/07/2000,57,36,7,clinton
2000-04-28,04/30/2000,59,39,2,clinton
2000-03-30,04/02/2000,62,34,4,clinton
2000-03-17,03/19/2000,56,39,5,clinton
2000-03-10,03/12/2000,63,34,3,clinton
2000-02-25,02/27/2000,57,39,4,clinton
2000-02-14,02/15/2000,62,34,4,clinton
2000-02-04,02/06/2000,63,33,4,clinton
2000-01-25,01/26/2000,64,32,4,clinton
2000-01-17,01/20/2000,62,35,3,clinton
2000-01-13,01/16/2000,59,37,4,clinton
2000-01-07,01/10/2000,63,35,2,clinton
1999-12-20,12/21/1999,57,36,7,clinton
1999-12-09,12/12/1999,56,41,3,clinton
1999-11-18,11/21/1999,59,36,5,clinton
1999-11-04,11/07/1999,58,38,4,clinton
1999-10-21,10/24/1999,59,36,5,clinton
1999-10-08,10/10/1999,56,39,5,clinton
1999-09-23,09/26/1999,59,38,3,clinton
1999-09-10,09/14/1999,60,38,2,clinton
1999-08-24,08/26/1999,60,35,5,clinton
1999-08-16,08/18/1999,59,36,5,clinton
1999-08-03,08/04/1999,60,35,5,clinton
1999-07-22,07/25/1999,64,31,5,clinton
1999-07-16,07/18/1999,58,38,4,clinton
1999-07-13,07/14/1999,59,37,4,clinton
1999-06-25,06/27/1999,57,41,2,clinton
1999-06-11,06/13/1999,60,37,3,clinton
1999-06-04,06/05/1999,60,35,5,clinton
1999-05-23,05/24/1999,53,42,5,clinton
1999-05-07,05/09/1999,60,35,5,clinton
1999-04-30,05/02/1999,60,36,4,clinton
1999-04-26,04/27/1999,60,35,5,clinton
1999-04-13,04/14/1999,60,36,4,clinton
1999-04-06,04/07/1999,59,35,6,clinton
1999-03-30,03/31/1999,64,32,4,clinton
1999-03-19,03/21/1999,64,33,3,clinton
1999-03-12,03/14/1999,62,35,3,clinton
1999-03-05,03/07/1999,68,28,4,clinton
1999-02-26,02/28/1999,66,31,3,clinton
1999-02-19,02/21/1999,66,30,4,clinton
1999-02-12,02/13/1999,68,30,2,clinton
1999-02-04,02/08/1999,65,33,2,clinton
1999-01-22,01/24/1999,69,29,2,clinton
1999-01-15,01/17/1999,69,29,2,clinton
1999-01-08,01/10/1999,67,30,3,clinton
1998-12-19,12/20/1998,73,25,2,clinton
1998-12-15,12/16/1998,63,33,4,clinton
1998-12-12,12/13/1998,64,34,2,clinton
1998-12-04,12/06/1998,66,30,4,clinton
1998-11-20,11/22/1998,66,30,4,clinton
1998-11-13,11/15/1998,66,31,3,clinton
1998-10-29,11/01/1998,66,30,4,clinton
1998-10-23,10/25/1998,65,32,3,clinton
1998-10-09,10/12/1998,65,32,3,clinton
1998-10-06,10/07/1998,63,34,3,clinton
1998-09-23,09/24/1998,66,31,3,clinton
1998-09-14,09/15/1998,63,35,2,clinton
1998-09-11,09/12/1998,63,34,3,clinton
1998-08-21,08/23/1998,62,35,3,clinton
1998-08-10,08/12/1998,65,30,5,clinton
1998-08-07,08/08/1998,64,32,4,clinton
1998-07-13,07/14/1998,63,31,6,clinton
1998-07-07,07/08/1998,61,34,5,clinton
1998-06-22,06/23/1998,60,34,6,clinton
1998-06-05,06/07/1998,60,34,6,clinton
1998-05-08,05/10/1998,64,31,5,clinton
1998-04-17,04/19/1998,63,31,6,clinton
1998-03-20,03/22/1998,66,28,6,clinton
1998-03-06,03/09/1998,63,31,6,clinton
1998-02-20,02/22/1998,66,29,5,clinton
1998-02-13,02/15/1998,66,30,4,clinton
1998-01-30,02/01/1998,69,28,3,clinton
1998-01-25,01/26/1998,59,37,4,clinton
1998-01-23,01/24/1998,58,36,6,clinton
1998-01-16,01/18/1998,60,30,10,clinton
1998-01-06,01/07/1998,59,32,9,clinton
1997-12-18,12/21/1997,56,36,8,clinton
1997-11-21,11/23/1997,61,30,9,clinton
1997-11-06,11/09/1997,59,31,10,clinton
1997-10-27,10/29/1997,59,32,9,clinton
1997-10-03,10/05/1997,55,36,9,clinton
1997-09-25,09/28/1997,58,33,9,clinton
1997-09-06,09/07/1997,61,28,11,clinton
1997-08-22,08/25/1997,60,34,6,clinton
1997-08-12,08/13/1997,61,32,7,clinton
1997-07-25,07/27/1997,58,34,8,clinton
1997-06-26,06/29/1997,55,36,9,clinton
1997-05-30,06/01/1997,57,35,8,clinton
1997-05-06,05/07/1997,57,35,8,clinton
1997-04-18,04/20/1997,54,37,9,clinton
1997-03-24,03/26/1997,59,35,6,clinton
1997-02-24,02/26/1997,57,33,10,clinton
1997-01-30,02/02/1997,60,31,9,clinton
1997-01-10,01/13/1997,62,31,7,clinton
1997-01-03,01/05/1997,58,35,7,clinton
1996-12-09,12/11/1996,58,34,8,clinton
1996-11-21,11/24/1996,58,35,7,clinton
1996-10-26,10/29/1996,54,36,10,clinton
1996-10-02,10/03/1996,57,36,7,clinton
1996-10-01,10/02/1996,58,34,8,clinton
1996-09-07,09/09/1996,60,31,9,clinton
1996-08-30,09/01/1996,60,33,7,clinton
1996-08-23,08/25/1996,53,39,8,clinton
1996-08-16,08/18/1996,52,39,9,clinton
1996-08-05,08/07/1996,57,36,7,clinton
1996-07-25,07/28/1996,58,35,7,clinton
1996-07-18,07/21/1996,57,35,8,clinton
1996-06-27,06/30/1996,52,42,6,clinton
1996-06-18,06/19/1996,58,37,5,clinton
1996-05-28,05/29/1996,53,38,9,clinton
1996-05-09,05/12/1996,55,39,6,clinton
1996-04-25,04/28/1996,56,37,7,clinton
1996-04-09,04/10/1996,54,40,6,clinton
1996-03-15,03/17/1996,52,39,9,clinton
1996-03-08,03/10/1996,54,37,9,clinton
1996-02-23,02/25/1996,53,40,7,clinton
1996-01-26,01/29/1996,52,42,6,clinton
1996-01-12,01/15/1996,46,47,7,clinton
1996-01-05,01/07/1996,42,49,9,clinton
1995-12-15,12/18/1995,51,44,5,clinton
1995-11-17,11/18/1995,53,38,9,clinton
1995-11-06,11/08/1995,52,41,7,clinton
1995-10-19,10/22/1995,49,40,11,clinton
1995-10-05,10/07/1995,46,42,12,clinton
1995-09-22,09/24/1995,48,44,8,clinton
1995-09-14,09/17/1995,44,44,12,clinton
1995-08-28,08/30/1995,46,43,11,clinton
1995-08-11,08/14/1995,46,44,10,clinton
1995-08-04,08/07/1995,46,42,12,clinton
1995-07-20,07/23/1995,46,44,10,clinton
1995-07-07,07/09/1995,48,42,10,clinton
1995-06-05,06/06/1995,47,42,11,clinton
1995-05-11,05/14/1995,51,42,7,clinton
1995-04-21,04/24/1995,51,39,10,clinton
1995-04-17,04/19/1995,46,45,9,clinton
1995-04-05,04/06/1995,47,45,8,clinton
1995-03-27,03/29/1995,44,47,9,clinton
1995-03-17,03/19/1995,46,45,9,clinton
1995-02-24,02/26/1995,42,48,10,clinton
1995-02-03,02/05/1995,49,44,7,clinton
1995-01-16,01/18/1995,47,45,8,clinton
1994-12-28,12/30/1994,40,52,8,clinton
1994-12-16,12/18/1994,42,53,5,clinton
1994-12-02,12/05/1994,42,50,8,clinton
1994-11-28,11/29/1994,43,49,8,clinton
1994-11-02,11/06/1994,46,46,8,clinton
1994-10-22,10/25/1994,48,46,6,clinton
1994-10-18,10/19/1994,41,52,7,clinton
1994-10-07,10/09/1994,42,52,6,clinton
1994-09-23,09/25/1994,43,51,6,clinton
1994-09-16,09/18/1994,42,50,8,clinton
1994-09-06,09/07/1994,39,54,7,clinton
1994-08-15,08/16/1994,39,52,9,clinton
1994-08-08,08/09/1994,43,48,9,clinton
1994-07-15,07/17/1994,42,49,9,clinton
1994-07-01,07/03/1994,43,48,9,clinton
1994-06-25,06/28/1994,44,47,9,clinton
1994-06-11,06/12/1994,49,44,7,clinton
1994-06-03,06/06/1994,46,47,7,clinton
1994-05-20,05/22/1994,51,42,7,clinton
1994-04-22,04/24/1994,48,44,8,clinton
1994-04-16,04/18/1994,51,41,8,clinton
1994-03-28,03/30/1994,51,42,7,clinton
1994-03-25,03/27/1994,52,41,7,clinton
1994-03-11,03/13/1994,50,41,9,clinton
1994-03-07,03/08/1994,50,42,8,clinton
1994-02-26,02/28/1994,53,41,6,clinton
1994-01-28,01/30/1994,58,35,7,clinton
1994-01-15,01/17/1994,54,38,8,clinton
1994-01-06,01/08/1994,54,38,8,clinton
1993-12-17,12/19/1993,54,40,6,clinton
1993-12-04,12/06/1993,52,38,10,clinton
1993-11-19,11/21/1993,48,43,9,clinton
1993-11-15,11/16/1993,50,43,7,clinton
1993-11-02,11/04/1993,48,45,7,clinton
1993-10-28,10/30/1993,48,45,7,clinton
1993-10-13,10/18/1993,47,44,9,clinton
1993-10-08,10/10/1993,50,42,8,clinton
1993-09-24,09/26/1993,56,36,8,clinton
1993-09-13,09/15/1993,46,43,11,clinton
1993-09-10,09/12/1993,47,42,11,clinton
1993-08-23,08/25/1993,44,47,9,clinton
1993-08-08,08/10/1993,44,48,8,clinton
1993-07-19,07/21/1993,41,49,10,clinton
1993-07-09,07/11/1993,45,48,7,clinton
1993-06-29,06/30/1993,46,47,7,clinton
1993-06-18,06/21/1993,39,50,11,clinton
1993-06-05,06/06/1993,37,49,14,clinton
1993-05-21,05/23/1993,44,46,10,clinton
1993-05-10,05/12/1993,45,44,11,clinton
1993-04-22,04/24/1993,55,37,8,clinton
1993-03-29,03/31/1993,52,37,11,clinton
1993-03-12,03/14/1993,53,34,13,clinton
1993-02-26,02/28/1993,59,29,12,clinton
1993-02-12,02/14/1993,51,34,15,clinton
1993-01-29,01/31/1993,54,30,16,clinton
1993-01-24,01/26/1993,58,20,22,clinton
1993-01-08,01/11/1993,56,37,7,bushsr
1992-12-18,12/20/1992,49,41,10,bushsr
1992-12-04,12/06/1992,49,47,4,bushsr
1992-11-20,11/22/1992,43,46,11,bushsr
1992-10-13,10/15/1992,34,56,10,bushsr
1992-10-01,10/3/1992,33,58,9,bushsr
1992-09-17,9/20/1992,36,54,10,bushsr
1992-09-11,9/15/1992,39,55,6,bushsr
1992-08-31,09/02/1992,39,54,7,bushsr
1992-08-21,08/22/1992,40,54,6,bushsr
1992-08-10,08/12/1992,35,58,7,bushsr
1992-07-31,08/02/1992,29,60,11,bushsr
1992-07-24,07/26/1992,32,59,9,bushsr
1992-06-26,06/30/1992,38,55,7,bushsr
1992-06-12,06/14/1992,37,55,8,bushsr
1992-06-04,06/07/1992,37,56,7,bushsr
1992-05-18,05/20/1992,41,52,7,bushsr
1992-05-07,05/10/1992,40,53,7,bushsr
1992-04-20,04/22/1992,42,48,10,bushsr
1992-04-09,04/12/1992,39,54,7,bushsr
1992-03-26,03/29/1992,42,51,7,bushsr
1992-03-20,03/22/1992,41,49,10,bushsr
1992-03-11,03/12/1992,41,47,12,bushsr
1992-02-28,03/01/1992,41,53,6,bushsr
1992-02-19,02/20/1992,39,47,14,bushsr
1992-02-06,02/09/1992,44,48,8,bushsr
1992-01-31,02/02/1992,47,48,5,bushsr
1992-01-16,01/19/1992,46,48,6,bushsr
1992-01-03,01/06/1992,46,47,7,bushsr
1991-12-12,12/15/1991,50,41,9,bushsr
1991-12-05,12/08/1991,52,42,6,bushsr
1991-11-21,11/24/1991,52,39,9,bushsr
1991-11-14,11/17/1991,56,36,8,bushsr
1991-11-07,11/10/1991,56,36,8,bushsr
1991-10-31,11/03/1991,59,33,8,bushsr
1991-10-24,10/27/1991,62,29,9,bushsr
1991-10-17,10/20/1991,66,26,8,bushsr
1991-10-10,10/13/1991,66,28,6,bushsr
1991-10-03,10/06/1991,65,27,8,bushsr
1991-09-26,09/29/1991,66,25,9,bushsr
1991-09-13,09/15/1991,68,22,10,bushsr
1991-09-05,09/08/1991,70,21,9,bushsr
1991-08-29,9/3/1991,69,22,9,bushsr
1991-08-23,8/25/1991,74,19,7,bushsr
1991-08-08,8/11/1991,71,22,7,bushsr
1991-07-25,7/28/1991,71,21,8,bushsr
1991-07-18,07/21/1991,70,21,9,bushsr
1991-07-11,07/14/1991,72,21,7,bushsr
1991-06-27,06/30/1991,72,23,5,bushsr
1991-06-13,06/16/1991,71,19,10,bushsr
1991-05-30,06/02/1991,74,17,9,bushsr
1991-05-23,05/26/1991,76,16,8,bushsr
1991-05-16,05/19/1991,77,15,8,bushsr
1991-05-02,05/05/1991,74,19,7,bushsr
1991-04-25,04/28/1991,76,15,9,bushsr
1991-04-11,04/14/1991,77,13,10,bushsr
1991-04-04,04/06/1991,83,12,5,bushsr
1991-03-28,03/30/1991,82,11,7,bushsr
1991-03-21,03/24/1991,84,10,6,bushsr
1991-03-14,03/17/1991,86,9,5,bushsr
1991-03-07,03/10/1991,87,8,5,bushsr
1991-02-28,03/03/1991,89,8,3,bushsr
1991-02-21,02/24/1991,80,13,7,bushsr
1991-02-14,02/17/1991,80,14,6,bushsr
1991-02-07,02/10/1991,79,18,3,bushsr
1991-01-30,02/02/1991,82,15,3,bushsr
1991-01-23,01/26/1991,83,13,4,bushsr
1991-01-19,01/22/1991,80,14,6,bushsr
1991-01-17,01/20/1991,82,12,6,bushsr
1991-01-11,01/13/1991,64,25,11,bushsr
1991-01-03,01/06/1991,58,31,11,bushsr
1990-12-13,12/16/1990,63,30,7,bushsr
1990-12-06,12/09/1990,58,33,9,bushsr
1990-11-29,12/02/1990,61,29,10,bushsr
1990-11-15,11/18/1990,54,33,13,bushsr
1990-11-08,11/11/1990,58,34,8,bushsr
1990-11-01,11/04/1990,58,32,10,bushsr
1990-10-25,10/28/1990,54,36,10,bushsr
1990-10-18,10/21/1990,53,37,10,bushsr
1990-10-11,10/14/1990,56,33,11,bushsr
1990-10-03,10/04/1990,66,25,9,bushsr
1990-09-27,09/30/1990,67,20,13,bushsr
1990-09-14,09/16/1990,73,17,10,bushsr
1990-09-10,09/11/1990,76,16,8,bushsr
1990-08-30,09/02/1990,74,17,9,bushsr
1990-08-23,08/26/1990,76,16,8,bushsr
1990-08-16,08/19/1990,75,16,9,bushsr
1990-08-09,08/12/1990,74,16,10,bushsr
1990-07-19,7/22/1990,60,25,15,bushsr
1990-07-06,7/8/1990,63,24,13,bushsr
1990-06-15,06/17/1990,69,17,14,bushsr
1990-06-07,06/10/1990,67,18,15,bushsr
1990-05-17,05/20/1990,65,20,15,bushsr
1990-04-19,4/22/1990,67,17,16,bushsr
1990-04-05,4/8/1990,68,16,16,bushsr
1990-03-15,3/18/1990,74,15,11,bushsr
1990-03-08,3/11/1990,68,18,14,bushsr
1990-02-15,2/18/1990,73,16,11,bushsr
1990-02-08,2/11/1990,73,16,11,bushsr
1990-01-04,1/7/1990,80,11,9,bushsr
1989-12-07,12/10/1989,71,20,9,bushsr
1989-11-02,11/05/1989,70,17,13,bushsr
1989-10-05,10/08/1989,68,20,12,bushsr
1989-09-07,09/10/1989,70,17,13,bushsr
1989-08-10,08/13/1989,69,19,12,bushsr
1989-07-06,07/09/1989,66,19,15,bushsr
1989-06-08,06/11/1989,70,14,16,bushsr
1989-05-15,05/18/1989,63,18,19,bushsr
1989-05-04,05/07/1989,56,22,22,bushsr
1989-04-10,04/16/1989,58,16,26,bushsr
1989-03-10,03/13/1989,56,16,28,bushsr
1989-02-28,03/02/1989,63,13,24,bushsr
1989-01-24,01/26/1989,51,6,43,bushsr
1988-12-27,12/29/1988,63,29,8,reagan
1988-11-11,11/14/1988,57,35,8,reagan
1988-10-21,10/24/1988,51,38,11,reagan
1988-09-25,10/01/1988,54,37,9,reagan
1988-08-19,08/22/1988,53,37,10,reagan
1988-07-15,07/18/1988,54,36,10,reagan
1988-07-01,07/07/1988,51,35,14,reagan
1988-06-24,06/27/1988,48,40,12,reagan
1988-06-10,6/13/1988,51,39,10,reagan
1988-05-13,5/22/1988,48,43,9,reagan
1988-05-02,05/08/1988,50,38,12,reagan
1988-04-08,4/11/1988,50,39,11,reagan
1988-03-08,3/12/1988,51,37,12,reagan
1988-03-04,3/6/1988,50,42,8,reagan
1988-01-22,01/25/1988,49,40,11,reagan
1987-12-04,12/07/1987,49,41,10,reagan
1987-10-23,10/26/1987,51,41,8,reagan
1987-08-24,09/02/1987,49,42,9,reagan
1987-08-07,08/10/1987,45,41,14,reagan
1987-07-10,07/13/1987,49,43,8,reagan
1987-06-08,06/14/1987,53,40,7,reagan
1987-06-05,06/08/1987,47,44,9,reagan
1987-04-10,04/13/1987,48,43,9,reagan
1987-03-14,03/18/1987,47,44,9,reagan
1987-03-06,03/09/1987,43,46,11,reagan
1987-01-16,01/19/1987,48,43,9,reagan
1986-12-05,12/08/1986,48,43,9,reagan
1986-12-04,12/05/1986,47,44,9,reagan
1986-10-24,10/27/1986,63,29,8,reagan
1986-09-13,09/17/1986,63,26,11,reagan
1986-09-12,09/15/1986,61,25,14,reagan
1986-08-08,08/11/1986,61,27,12,reagan
1986-07-11,07/14/1986,63,28,9,reagan
1986-06-09,06/16/1986,64,26,10,reagan
1986-06-06,06/09/1986,61,29,10,reagan
1986-05-16,05/19/1986,68,23,9,reagan
1986-04-11,04/14/1986,62,29,9,reagan
1986-03-04,03/10/1986,63,26,11,reagan
1986-01-10,01/13/1986,64,27,9,reagan
1985-12-06,12/09/1985,63,29,8,reagan
1985-11-11,11/18/1985,65,24,11,reagan
1985-11-01,11/04/1985,62,28,10,reagan
1985-10-11,10/14/1985,63,29,8,reagan
1985-09-13,09/16/1985,60,30,10,reagan
1985-08-16,08/19/1985,57,32,11,reagan
1985-08-13,08/15/1985,65,26,9,reagan
1985-07-12,07/15/1985,63,28,9,reagan
1985-06-07,6/10/1985,58,32,10,reagan
1985-05-17,5/20/1985,55,37,8,reagan
1985-04-12,4/15/1985,52,37,11,reagan
1985-03-08,3/11/1985,56,37,7,reagan
1985-02-15,02/18/1985,60,31,9,reagan
1985-01-25,01/28/1985,64,28,8,reagan
1985-01-11,01/14/1985,62,29,9,reagan
1984-12-07,12/10/1984,59,32,9,reagan
1984-11-30,12/03/1984,62,30,8,reagan
1984-11-09,11/12/1984,61,31,8,reagan
1984-10-26,10/29/1984,58,33,9,reagan
1984-09-28,10/01/1984,54,35,11,reagan
1984-09-21,09/24/1984,57,36,7,reagan
1984-09-07,09/10/1984,57,36,7,reagan
1984-08-10,08/13/1984,54,38,8,reagan
1984-07-27,07/30/1984,52,37,11,reagan
1984-07-13,07/16/1984,55,35,10,reagan
1984-07-06,07/09/1984,54,35,11,reagan
1984-06-29,07/02/1984,53,37,10,reagan
1984-06-22,06/25/1984,54,36,10,reagan
1984-06-06,6/8/1984,55,33,12,reagan
1984-05-18,05/21/1984,54,38,8,reagan
1984-05-03,5/5/1984,52,37,11,reagan
1984-04-06,4/9/1984,54,36,10,reagan
1984-03-16,03/19/1984,54,39,7,reagan
1984-02-10,02/13/1984,55,36,9,reagan
1984-01-27,01/30/1984,55,37,8,reagan
1984-01-13,01/16/1984,52,38,10,reagan
1983-12-09,12/12/1983,54,38,8,reagan
1983-11-18,11/21/1983,53,37,10,reagan
1983-10-21,10/24/1983,49,41,10,reagan
1983-10-07,10/10/1983,45,44,11,reagan
1983-09-16,09/19/1983,47,43,10,reagan
1983-09-09,09/12/1983,47,42,11,reagan
1983-08-19,08/22/1983,43,46,11,reagan
1983-08-12,08/15/1983,43,45,12,reagan
1983-08-05,08/08/1983,44,46,10,reagan
1983-07-29,08/01/1983,44,42,14,reagan
1983-07-22,07/25/1983,42,47,11,reagan
1983-06-24,06/27/1983,47,44,9,reagan
1983-06-10,06/13/1983,43,45,12,reagan
1983-05-20,05/23/1983,46,43,11,reagan
1983-05-13,05/16/1983,43,45,12,reagan
1983-04-29,05/02/1983,43,46,11,reagan
1983-04-15,04/18/1983,41,49,10,reagan
1983-03-11,3/14/1983,41,49,10,reagan
1983-02-25,2/28/1983,40,50,10,reagan
1983-01-28,1/31/1983,35,56,9,reagan
1983-01-21,01/24/1983,37,53,10,reagan
1983-01-14,01/17/1983,37,54,9,reagan
1982-12-10,12/13/1982,41,50,9,reagan
1982-11-19,11/22/1982,43,47,10,reagan
1982-11-05,11/08/1982,43,47,10,reagan
1982-10-15,10/18/1982,42,48,10,reagan
1982-09-17,09/20/1982,42,48,10,reagan
1982-08-27,08/30/1982,42,46,12,reagan
1982-08-13,08/16/1982,41,49,10,reagan
1982-07-30,08/02/1982,41,47,12,reagan
1982-07-23,07/26/1982,42,46,12,reagan
1982-06-25,06/28/1982,44,46,10,reagan
1982-06-11,06/14/1982,45,45,10,reagan
1982-05-14,05/17/1982,45,44,11,reagan
1982-04-30,05/03/1982,44,46,10,reagan
1982-04-23,04/26/1982,43,47,10,reagan
1982-04-02,04/05/1982,45,46,9,reagan
1982-03-12,3/15/1982,46,45,9,reagan
1982-02-05,2/8/1982,47,43,10,reagan
1982-01-22,01/25/1982,47,42,11,reagan
1982-01-08,1/11/1982,49,40,11,reagan
1981-12-11,12/14/1981,49,41,10,reagan
1981-11-20,11/23/1981,54,37,9,reagan
1981-11-13,11/16/1981,49,40,11,reagan
1981-10-30,11/02/1981,53,35,12,reagan
1981-10-02,10/05/1981,56,35,9,reagan
1981-09-18,09/21/1981,52,37,11,reagan
1981-08-14,08/17/1981,60,29,11,reagan
1981-07-31,08/03/1981,60,28,12,reagan
1981-07-24,07/27/1981,56,30,14,reagan
1981-07-17,07/20/1981,60,29,11,reagan
1981-06-26,06/29/1981,58,30,12,reagan
1981-06-19,06/22/1981,59,29,12,reagan
1981-06-05,06/08/1981,59,28,13,reagan
1981-05-08,05/11/1981,68,21,11,reagan
1981-04-10,04/13/1981,67,19,14,reagan
1981-04-03,4/6/1981,67,18,15,reagan
1981-03-13,3/16/1981,60,24,16,reagan
1981-02-13,2/16/1981,55,18,27,reagan
1981-01-30,02/02/1981,51,13,36,reagan
1980-12-05,12/08/1980,34,55,11,carter
1980-11-21,11/24/1980,31,56,13,carter
1980-09-12,09/15/1980,37,55,8,carter
1980-08-15,08/18/1980,32,55,13,carter
1980-07-11,07/14/1980,33,55,12,carter
1980-06-27,06/30/1980,31,58,11,carter
1980-06-13,06/16/1980,32,56,12,carter
1980-05-30,06/02/1980,38,52,10,carter
1980-05-16,05/19/1980,38,51,11,carter
1980-05-02,05/05/1980,43,47,10,carter
1980-04-11,04/14/1980,39,50,11,carter
1980-03-27,03/30/1980,39,51,10,carter
1980-03-07,03/10/1980,43,45,12,carter
1980-02-29,03/03/1980,52,38,10,carter
1980-02-01,02/04/1980,55,36,9,carter
1980-01-25,01/28/1980,58,32,10,carter
1980-01-05,01/08/1980,56,33,11,carter
1979-12-07,12/10/1979,54,35,11,carter
1979-11-30,12/3/1979,51,37,12,carter
1979-11-16,11/19/1979,38,49,13,carter
1979-11-02,11/5/1979,32,55,13,carter
1979-10-12,10/15/1979,31,55,14,carter
1979-10-05,10/08/1979,29,58,13,carter
1979-09-28,10/01/1979,33,54,13,carter
1979-09-07,09/10/1979,30,55,15,carter
1979-08-17,08/20/1979,32,54,14,carter
1979-08-10,08/13/1979,33,55,12,carter
1979-08-03,08/06/1979,32,53,15,carter
1979-07-13,07/16/1979,29,58,13,carter
1979-06-29,07/02/1979,28,59,13,carter
1979-06-22,06/25/1979,29,57,14,carter
1979-06-01,06/04/1979,29,56,15,carter
1979-05-18,05/21/1979,32,53,15,carter
1979-05-04,05/07/1979,37,49,14,carter
1979-04-06,04/09/1979,40,46,14,carter
1979-03-23,03/31/1979,42,44,14,carter
1979-03-16,03/19/1979,47,39,14,carter
1979-03-02,03/05/1979,39,48,13,carter
1979-02-23,02/26/1979,37,46,17,carter
1979-02-02,02/05/1979,42,42,16,carter
1979-01-19,01/22/1979,43,41,16,carter
1979-01-05,01/08/1979,50,36,14,carter
1978-12-08,12/11/1978,51,34,15,carter
1978-12-01,12/04/1978,50,34,16,carter
1978-11-10,11/13/1978,52,36,12,carter
1978-10-27,10/30/1978,49,36,15,carter
1978-09-22,09/25/1978,48,34,18,carter
1978-09-15,09/18/1978,45,40,15,carter
1978-09-08,09/11/1978,42,42,16,carter
1978-08-18,08/21/1978,43,41,16,carter
1978-08-11,08/14/1978,40,43,17,carter
1978-08-04,08/07/1978,39,44,17,carter
1978-07-21,07/24/1978,39,44,17,carter
1978-07-08,07/10/1978,40,41,19,carter
1978-06-16,06/19/1978,42,42,16,carter
1978-06-02,06/05/1978,44,41,15,carter
1978-05-19,05/22/1978,43,43,14,carter
1978-05-05,05/08/1978,41,43,16,carter
1978-04-28,05/01/1978,41,42,17,carter
1978-04-14,04/17/1978,40,44,16,carter
1978-03-31,04/03/1978,48,39,13,carter
1978-03-10,03/13/1978,50,35,15,carter
1978-03-02,03/05/1978,49,33,18,carter
1978-02-24,02/27/1978,50,33,17,carter
1978-02-11,02/14/1978,47,34,19,carter
1978-01-20,01/23/1978,52,28,20,carter
1978-01-06,01/09/1978,55,27,18,carter
1977-12-09,12/12/1977,57,27,16,carter
1977-11-18,11/21/1977,56,30,14,carter
1977-11-04,11/07/1977,55,30,15,carter
1977-10-28,10/31/1977,51,31,18,carter
1977-10-21,10/24/1977,54,30,16,carter
1977-10-14,10/17/1977,55,29,16,carter
1977-09-30,10/03/1977,59,24,17,carter
1977-09-09,09/12/1977,54,29,17,carter
1977-08-19,08/22/1977,66,16,18,carter
1977-08-05,08/08/1977,60,23,17,carter
1977-07-22,07/25/1977,67,17,16,carter
1977-07-08,07/11/1977,62,22,16,carter
1977-06-17,06/20/1977,63,18,19,carter
1977-06-03,06/06/1977,63,19,18,carter
1977-05-20,05/23/1977,64,19,17,carter
1977-05-06,05/09/1977,66,19,15,carter
1977-04-29,05/02/1977,63,18,19,carter
1977-04-15,04/18/1977,63,18,19,carter
1977-04-01,04/04/1977,67,14,19,carter
1977-03-25,03/28/1977,72,10,18,carter
1977-03-18,03/21/1977,75,9,16,carter
1977-03-04,03/07/1977,70,9,21,carter
1977-02-18,02/21/1977,71,9,20,carter
1977-02-04,02/07/1977,66,8,26,carter
1976-12-10,12/13/1976,53,32,15,ford
1976-06-11,06/14/1976,45,40,15,ford
1976-05-20,05/23/1976,47,38,15,ford
1976-04-09,04/12/1976,48,41,11,ford
1976-03-19,03/22/1976,50,36,14,ford
1976-02-27,03/01/1976,48,38,14,ford
1976-01-30,02/02/1976,46,40,14,ford
1976-01-23,01/26/1976,45,45,10,ford
1976-01-02,1/5/1976,46,42,12,ford
1975-12-12,12/15/1975,39,46,15,ford
1975-12-05,12/08/1975,46,37,17,ford
1975-11-21,11/24/1975,41,46,13,ford
1975-10-31,11/3/1975,44,44,12,ford
1975-10-17,10/20/1975,47,40,13,ford
1975-10-03,10/06/1975,47,37,16,ford
1975-09-12,09/15/1975,45,38,17,ford
1975-08-15,08/18/1975,46,37,17,ford
1975-08-01,08/04/1975,45,37,18,ford
1975-06-27,06/30/1975,52,33,15,ford
1975-05-30,06/02/1975,51,33,16,ford
1975-05-02,05/05/1975,40,43,17,ford
1975-04-18,04/21/1975,39,46,15,ford
1975-04-04,04/07/1975,44,37,19,ford
1975-03-28,03/31/1975,37,43,20,ford
1975-03-07,03/10/1975,38,45,17,ford
1975-02-28,03/02/1975,39,45,16,ford
1975-01-28,02/03/1975,39,43,18,ford
1975-01-10,01/13/1975,37,39,24,ford
1974-12-06,12/09/1974,42,41,17,ford
1974-11-15,11/18/1974,48,32,20,ford
1974-11-08,11/11/1974,47,33,20,ford
1974-10-18,10/21/1974,54,28,18,ford
1974-10-11,10/14/1974,52,29,19,ford
1974-09-27,09/30/1974,50,28,22,ford
1974-09-06,09/09/1974,66,13,21,ford
1974-08-16,08/19/1974,71,3,26,ford
1974-08-02,08/05/1974,24,66,10,nixon
1974-07-12,07/15/1974,24,63,13,nixon
1974-06-28,07/01/1974,28,58,14,nixon
1974-06-21,06/24/1974,26,61,13,nixon
1974-05-31,06/03/1974,28,61,11,nixon
1974-05-17,05/20/1974,26,61,13,nixon
1974-05-10,05/13/1974,25,61,14,nixon
1974-05-03,05/06/1974,25,58,17,nixon
1974-04-19,04/22/1974,26,60,14,nixon
1974-04-12,04/15/1974,25,62,13,nixon
1974-03-29,04/01/1974,26,65,9,nixon
1974-03-08,03/11/1974,26,62,12,nixon
1974-02-22,02/25/1974,25,64,11,nixon
1974-02-08,02/11/1974,27,63,10,nixon
1974-02-01,02/04/1974,28,59,13,nixon
1974-01-18,01/21/1974,26,64,10,nixon
1974-01-04,01/07/1974,27,63,10,nixon
1973-12-07,12/10/1973,29,60,11,nixon
1973-11-30,12/3/1973,31,59,10,nixon
1973-11-02,11/5/1973,27,63,10,nixon
1973-10-19,10/22/1973,27,60,13,nixon
1973-10-05,10/08/1973,30,57,13,nixon
1973-09-21,09/24/1973,33,59,8,nixon
1973-09-07,09/10/1973,34,56,10,nixon
1973-08-17,08/20/1973,36,54,10,nixon
1973-08-03,08/06/1973,31,58,11,nixon
1973-07-06,07/09/1973,39,49,12,nixon
1973-06-22,06/25/1973,44,45,11,nixon
1973-06-01,06/04/1973,44,44,12,nixon
1973-05-11,05/14/1973,44,45,11,nixon
1973-05-04,05/07/1973,45,42,13,nixon
1973-04-27,04/29/1973,48,40,12,nixon
1973-04-06,04/09/1973,54,36,10,nixon
1973-03-30,04/02/1973,57,34,9,nixon
1973-02-16,02/19/1973,65,25,10,nixon
1973-01-26,01/29/1973,67,25,8,nixon
1973-01-12,01/15/1973,51,37,12,nixon
1972-12-08,12/11/1972,59,30,11,nixon
1972-11-11,11/14/1972,62,28,10,nixon
1972-06-23,06/26/1972,56,33,11,nixon
1972-06-16,06/19/1972,59,30,11,nixon
1972-05-26,05/29/1972,62,30,8,nixon
1972-04-28,05/01/1972,54,37,9,nixon
1972-03-24,03/27/1972,53,36,11,nixon
1972-03-03,03/05/1972,56,32,12,nixon
1972-02-04,02/07/1972,52,37,11,nixon
1972-01-07,1/10/1972,49,39,12,nixon
1971-12-10,12/13/1971,50,37,13,nixon
1971-10-29,11/2/1971,49,37,14,nixon
1971-10-08,10/11/1971,52,38,10,nixon
1971-08-27,08/30/1971,49,38,13,nixon
1971-07-15,07/18/1971,50,37,13,nixon
1971-06-25,06/28/1971,48,39,13,nixon
1971-06-04,06/07/1971,48,37,15,nixon
1971-05-14,05/17/1971,50,35,15,nixon
1971-04-23,04/26/1971,50,38,12,nixon
1971-04-02,04/05/1971,49,38,13,nixon
1971-03-11,03/14/1971,50,37,13,nixon
1971-02-19,02/22/1971,49,37,14,nixon
1971-01-08,01/11/1971,56,33,11,nixon
1970-12-03,12/08/1970,52,34,14,nixon
1970-11-12,11/17/1970,57,30,13,nixon
1970-10-09,10/14/1970,58,27,15,nixon
1970-09-25,09/28/1970,51,31,18,nixon
1970-09-11,09/14/1970,57,30,13,nixon
1970-08-25,09/01/1970,55,31,14,nixon
1970-07-31,08/02/1970,55,32,13,nixon
1970-07-09,07/14/1970,61,28,11,nixon
1970-06-18,06/23/1970,55,31,14,nixon
1970-05-21,05/26/1970,59,29,12,nixon
1970-04-29,05/03/1970,57,32,11,nixon
1970-04-16,04/21/1970,56,31,13,nixon
1970-03-18,03/25/1970,54,34,12,nixon
1970-02-27,03/02/1970,56,27,17,nixon
1970-01-30,02/02/1970,64,24,12,nixon
1970-01-15,01/20/1970,63,23,14,nixon
1970-01-02,01/05/1970,61,22,17,nixon
1969-12-12,12/15/1969,59,23,18,nixon
1969-11-12,11/17/1969,67,19,14,nixon
1969-10-17,10/22/1969,56,29,15,nixon
1969-10-02,10/7/1969,57,24,19,nixon
1969-09-17,9/22/1969,58,23,19,nixon
1969-09-11,09/16/1969,60,24,16,nixon
1969-08-14,08/19/1969,62,20,18,nixon
1969-07-24,07/29/1969,65,17,18,nixon
1969-07-10,07/15/1969,58,22,20,nixon
1969-06-19,06/24/1969,63,16,21,nixon
1969-05-22,05/27/1969,62,15,23,nixon
1969-05-15,05/20/1969,65,12,23,nixon
1969-05-01,05/06/1969,62,15,23,nixon
1969-04-10,04/15/1969,61,12,27,nixon
1969-03-27,04/01/1969,63,10,27,nixon
1969-03-12,03/17/1969,65,9,26,nixon
1969-02-20,02/25/1969,60,6,34,nixon
1969-01-23,01/28/1969,59,5,36,nixon
1969-01-01,01/06/1969,49,37,14,johnson
1968-12-05,12/10/1968,44,43,13,johnson
1968-11-09,11/14/1968,43,44,13,johnson
1968-09-19,09/24/1968,42,51,7,johnson
1968-08-07,08/12/1968,35,52,13,johnson
1968-07-18,07/23/1968,40,47,13,johnson
1968-06-26,07/01/1968,40,47,13,johnson
1968-06-13,06/18/1968,42,45,13,johnson
1968-05-23,05/23/1968,41,45,14,johnson
1968-05-02,05/07/1968,46,43,11,johnson
1968-04-04,04/09/1968,50,38,12,johnson
1968-03-10,03/15/1968,36,52,12,johnson
1968-02-22,02/27/1968,41,48,11,johnson
1968-02-02,02/07/1968,41,47,12,johnson
1968-01-04,1/9/1968,48,39,13,johnson
1967-12-07,12/12/1967,46,41,13,johnson
1967-11-16,11/21/1967,42,46,12,johnson
1967-10-27,11/1/1967,41,49,10,johnson
1967-10-06,10/11/1967,38,50,12,johnson
1967-09-14,09/19/1967,38,48,14,johnson
1967-08-24,08/29/1967,39,48,13,johnson
1967-08-03,08/08/1967,40,48,12,johnson
1967-07-13,07/18/1967,47,39,14,johnson
1967-06-22,06/27/1967,51,35,14,johnson
1967-06-02,06/07/1967,44,40,16,johnson
1967-05-11,05/16/1967,45,39,16,johnson
1967-04-19,04/24/1967,48,37,15,johnson
1967-03-30,04/04/1967,46,38,16,johnson
1967-03-09,03/14/1967,45,41,14,johnson
1967-02-16,02/21/1967,45,42,13,johnson
1967-01-26,01/31/1967,46,37,17,johnson
1967-01-07,1/12/1967,47,37,16,johnson
1966-12-08,12/13/1966,44,47,9,johnson
1966-11-10,11/15/1966,49,35,16,johnson
1966-10-21,10/26/1966,44,41,15,johnson
1966-10-01,10/06/1966,44,42,14,johnson
1966-09-08,09/13/1966,46,39,15,johnson
1966-08-18,08/23/1966,47,39,14,johnson
1966-07-29,08/03/1966,51,38,11,johnson
1966-07-08,07/13/1966,56,30,14,johnson
1966-06-16,06/21/1966,48,39,13,johnson
1966-05-19,05/24/1966,50,33,17,johnson
1966-05-05,05/10/1966,46,34,20,johnson
1966-04-14,04/19/1966,54,33,13,johnson
1966-03-24,03/29/1966,57,28,15,johnson
1966-03-03,03/08/1966,58,28,14,johnson
1966-02-10,02/15/1966,56,34,10,johnson
1966-01-21,1/26/1966,61,27,12,johnson
1965-12-31,1/5/1966,59,24,17,johnson
1965-12-11,12/16/1965,63,26,11,johnson
1965-11-18,11/23/1965,62,22,16,johnson
1965-10-29,11/02/1965,65,22,13,johnson
1965-10-08,10/13/1965,66,21,13,johnson
1965-09-16,09/21/1965,63,24,13,johnson
1965-08-27,09/01/1965,64,25,11,johnson
1965-08-05,08/10/1965,65,22,13,johnson
1965-07-16,07/21/1965,65,20,15,johnson
1965-06-24,06/29/1965,65,21,14,johnson
1965-06-04,06/09/1965,69,19,12,johnson
1965-05-13,05/18/1965,70,18,12,johnson
1965-04-23,04/28/1965,64,22,14,johnson
1965-04-02,04/07/1965,67,22,11,johnson
1965-03-18,03/23/1965,69,21,10,johnson
1965-03-11,03/16/1965,68,18,14,johnson
1965-02-19,2/24/1965,68,18,14,johnson
1965-01-28,02/02/1965,70,15,15,johnson
1965-01-07,01/12/1965,71,15,14,johnson
1964-12-11,12/16/1964,69,18,13,johnson
1964-11-20,11/25/1964,70,19,11,johnson
1964-06-25,06/30/1964,74,15,11,johnson
1964-06-11,06/16/1964,74,14,12,johnson
1964-06-04,06/09/1964,74,12,14,johnson
1964-05-22,05/27/1964,74,13,13,johnson
1964-05-06,05/11/1964,75,10,15,johnson
1964-04-24,04/29/1964,75,11,14,johnson
1964-03-27,04/01/1964,75,12,13,johnson
1964-03-13,03/18/1964,77,9,14,johnson
1964-02-28,3/4/1964,79,9,12,johnson
1964-02-13,2/18/1964,73,9,18,johnson
1964-01-30,2/5/1964,76,8,16,johnson
1964-01-02,1/7/1964,77,5,18,johnson
1963-12-12,12/17/1963,74,4,22,johnson
1963-12-05,12/10/1963,78,2,20,johnson
1963-11-08,11/13/1963,58,30,12,kennedy
1963-10-11,10/16/1963,58,29,13,kennedy
1963-09-12,09/17/1963,56,29,15,kennedy
1963-08-15,08/20/1963,62,26,12,kennedy
1963-07-18,07/23/1963,61,27,12,kennedy
1963-06-21,06/26/1963,61,26,13,kennedy
1963-05-23,05/28/1963,64,24,12,kennedy
1963-05-08,05/13/1963,65,23,12,kennedy
1963-05-02,05/07/1963,64,25,11,kennedy
1963-04-04,04/09/1963,66,21,13,kennedy
1963-03-08,03/12/1963,67,20,13,kennedy
1963-02-07,02/12/1963,70,18,12,kennedy
1963-01-11,1/16/1963,74,14,12,kennedy
1962-12-13,12/18/1962,76,13,11,kennedy
1962-11-16,11/21/1962,74,14,12,kennedy
1962-10-19,10/24/1962,61,25,14,kennedy
1962-09-20,09/25/1962,63,22,15,kennedy
1962-08-23,08/28/1962,67,20,13,kennedy
1962-07-26,07/31/1962,66,23,11,kennedy
1962-06-28,07/03/1962,69,19,12,kennedy
1962-05-31,06/05/1962,71,19,10,kennedy
1962-05-03,05/08/1962,74,16,10,kennedy
1962-04-06,04/11/1962,77,13,10,kennedy
1962-03-08,03/13/1962,79,12,9,kennedy
1962-02-08,02/13/1962,78,11,11,kennedy
1962-01-11,01/16/1962,79,10,11,kennedy
1961-12-07,12/12/1961,77,11,12,kennedy
1961-11-17,11/22/1961,79,9,12,kennedy
1961-10-19,10/24/1961,77,12,11,kennedy
1961-09-21,09/26/1961,79,10,11,kennedy
1961-08-24,08/29/1961,76,12,12,kennedy
1961-07-27,08/02/1961,75,12,13,kennedy
1961-06-23,06/28/1961,72,14,14,kennedy
1961-05-28,06/02/1961,74,11,15,kennedy
1961-05-17,05/22/1961,75,10,15,kennedy
1961-05-04,05/09/1961,77,9,14,kennedy
1961-04-28,05/03/1961,82,5,13,kennedy
1961-04-06,04/11/1961,78,6,16,kennedy
1961-03-10,03/15/1961,73,7,20,kennedy
1961-02-10,2/15/1961,72,6,22,kennedy
1960-12-08,12/13/1960,59,28,13,eisenhower
1960-11-17,11/22/1960,59,26,15,eisenhower
1960-10-18,10/23/1960,58,31,11,eisenhower
1960-09-28,10/2/1960,65,26,9,eisenhower
1960-09-09,09/14/1960,58,28,14,eisenhower
1960-08-25,08/30/1960,61,28,11,eisenhower
1960-08-11,08/16/1960,63,24,13,eisenhower
1960-07-30,08/04/1960,63,26,11,eisenhower
1960-07-16,07/21/1960,49,33,18,eisenhower
1960-06-30,07/05/1960,57,27,16,eisenhower
1960-06-16,06/21/1960,61,24,15,eisenhower
1960-05-26,05/31/1960,65,22,13,eisenhower
1960-04-28,05/03/1960,62,22,16,eisenhower
1960-03-30,04/04/1960,65,22,13,eisenhower
1960-03-02,03/07/1960,64,22,14,eisenhower
1960-02-04,02/09/1960,64,22,14,eisenhower
1960-01-06,01/11/1960,66,19,15,eisenhower
1959-12-10,12/15/1959,77,15,8,eisenhower
1959-12-03,12/8/1959,67,18,15,eisenhower
1959-11-12,11/17/1959,65,21,14,eisenhower
1959-10-16,10/21/1959,67,19,14,eisenhower
1959-09-18,9/23/1959,66,20,14,eisenhower
1959-08-20,08/25/1959,67,20,13,eisenhower
1959-07-23,07/28/1959,61,26,13,eisenhower
1959-06-25,06/30/1959,62,23,15,eisenhower
1959-05-29,06/03/1959,64,21,15,eisenhower
1959-04-29,05/04/1959,60,24,16,eisenhower
1959-04-02,04/07/1959,62,23,15,eisenhower
1959-03-04,03/09/1959,58,26,16,eisenhower
1959-02-04,02/09/1959,59,26,15,eisenhower
1959-01-07,01/12/1959,57,27,16,eisenhower
1958-12-03,12/08/1958,57,32,11,eisenhower
1958-11-07,11/12/1958,52,30,18,eisenhower
1958-10-15,10/20/1958,57,27,16,eisenhower
1958-09-24,09/29/1958,54,28,18,eisenhower
1958-09-10,09/15/1958,57,29,14,eisenhower
1958-08-20,08/25/1958,56,27,17,eisenhower
1958-07-30,08/04/1958,58,27,15,eisenhower
1958-07-10,07/15/1958,52,32,16,eisenhower
1958-05-28,06/02/1958,54,31,15,eisenhower
1958-05-07,05/12/1958,53,32,15,eisenhower
1958-04-16,04/21/1958,54,31,15,eisenhower
1958-03-27,04/01/1958,48,36,16,eisenhower
1958-03-06,03/11/1958,51,33,16,eisenhower
1958-02-14,02/19/1958,54,33,13,eisenhower
1958-01-24,01/29/1958,58,27,15,eisenhower
1958-01-02,1/7/1958,60,30,10,eisenhower
1957-11-07,11/12/1957,58,27,15,eisenhower
1957-10-10,10/15/1957,57,27,16,eisenhower
1957-09-19,09/24/1957,59,26,15,eisenhower
1957-08-29,09/04/1957,59,23,18,eisenhower
1957-08-08,08/13/1957,63,20,17,eisenhower
1957-07-18,07/23/1957,65,22,13,eisenhower
1957-06-27,07/02/1957,63,23,14,eisenhower
1957-06-06,06/11/1957,64,22,14,eisenhower
1957-05-17,05/22/1957,62,23,15,eisenhower
1957-04-25,04/30/1957,64,23,13,eisenhower
1957-04-06,04/11/1957,67,21,12,eisenhower
1957-03-15,03/20/1957,65,20,15,eisenhower
1957-02-28,03/05/1957,72,17,11,eisenhower
1957-02-07,02/12/1957,72,16,12,eisenhower
1957-01-17,1/22/1957,73,14,13,eisenhower
1956-12-14,12/19/1956,79,11,10,eisenhower
1956-11-22,11/27/1956,75,15,10,eisenhower
1956-08-03,08/08/1956,68,19,13,eisenhower
1956-07-12,07/17/1956,70,20,10,eisenhower
1956-06-15,06/20/1956,73,18,9,eisenhower
1956-05-31,06/05/1956,71,19,10,eisenhower
1956-05-10,05/15/1956,69,17,14,eisenhower
1956-04-19,04/24/1956,69,19,12,eisenhower
1956-03-29,04/03/1956,73,17,10,eisenhower
1956-03-08,03/13/1956,72,18,10,eisenhower
1956-02-16,02/21/1956,75,15,10,eisenhower
1956-01-26,01/31/1956,77,14,9,eisenhower
1956-01-06,1/11/1956,76,12,12,eisenhower
1955-12-08,12/13/1955,75,13,12,eisenhower
1955-11-17,11/22/1955,78,13,9,eisenhower
1955-09-15,09/20/1955,71,16,13,eisenhower
1955-08-25,08/30/1955,71,16,13,eisenhower
1955-08-04,08/09/1955,76,11,13,eisenhower
1955-07-14,07/19/1955,72,18,10,eisenhower
1955-06-24,06/29/1955,67,15,18,eisenhower
1955-06-03,06/08/1955,70,16,14,eisenhower
1955-05-12,05/17/1955,68,16,16,eisenhower
1955-04-14,04/19/1955,70,14,16,eisenhower
1955-03-24,03/29/1955,66,21,13,eisenhower
1955-03-03,03/08/1955,71,17,12,eisenhower
1955-02-10,02/15/1955,73,15,12,eisenhower
1955-01-20,1/25/1955,70,17,13,eisenhower
1954-12-31,1/5/1955,70,18,12,eisenhower
1954-12-02,12/7/1954,69,23,8,eisenhower
1954-11-11,11/16/1954,57,23,20,eisenhower
1954-10-15,10/20/1954,61,26,13,eisenhower
1954-09-16,09/21/1954,66,21,13,eisenhower
1954-08-26,08/31/1954,63,24,13,eisenhower
1954-08-05,08/10/1954,67,19,14,eisenhower
1954-07-16,07/21/1954,75,20,5,eisenhower
1954-07-02,07/07/1954,65,21,14,eisenhower
1954-06-12,06/17/1954,62,24,14,eisenhower
1954-05-21,05/26/1954,61,24,15,eisenhower
1954-05-02,05/07/1954,60,22,18,eisenhower
1954-04-08,04/13/1954,68,21,11,eisenhower
1954-03-19,03/24/1954,66,22,12,eisenhower
1954-02-25,03/02/1954,67,21,12,eisenhower
1954-01-28,02/02/1954,70,17,13,eisenhower
1954-01-09,01/14/1954,71,19,10,eisenhower
1953-12-11,12/16/1953,69,22,9,eisenhower
1953-11-19,11/24/1953,59,25,16,eisenhower
1953-11-01,11/05/1953,61,26,13,eisenhower
1953-10-09,10/14/1953,65,19,16,eisenhower
1953-09-12,09/17/1953,61,20,19,eisenhower
1953-08-15,08/20/1953,74,14,12,eisenhower
1953-07-25,07/30/1953,73,13,14,eisenhower
1953-07-04,07/09/1953,69,15,16,eisenhower
1953-05-09,05/14/1953,74,10,16,eisenhower
1953-04-19,4/24/1953,73,10,17,eisenhower
1953-03-28,4/2/1953,74,8,18,eisenhower
1953-02-22,2/27/1953,67,8,25,eisenhower
1953-02-01,2/5/1953,68,7,25,eisenhower
1952-12-11,12/16/1952,32,56,12,truman
1952-10-09,10/14/1952,32,55,13,truman
1952-10-05,10/10/1952,31,57,12,truman
1952-10-03,10/8/1952,33,55,12,truman
1952-07-13,7/18/1952,29,59,12,truman
1952-06-15,6/20/1952,32,58,10,truman
1952-05-30,6/4/1952,31,59,10,truman
1952-05-11,5/16/1952,27,60,13,truman
1952-04-13,4/18/1952,28,59,13,truman
1952-02-09,2/14/1952,22,64,14,truman
1952-01-20,1/25/1952,25,62,13,truman
1952-01-06,1/11/1952,23,67,10,truman
1951-11-11,11/16/1951,23,61,16,truman
1951-10-14,10/19/1951,29,55,16,truman
1951-09-21,9/26/1951,32,54,14,truman
1951-08-03,8/8/1951,31,57,12,truman
1951-07-08,7/13/1951,29,54,17,truman
1951-06-16,6/21/1951,25,59,16,truman
1951-05-19,5/24/1951,24,63,13,truman
1951-04-16,4/21/1951,24,54,22,truman
1951-03-26,3/31/1951,28,57,15,truman
1951-03-04,3/9/1951,27,59,14,truman
1951-02-04,2/9/1951,26,60,14,truman
1951-01-01,1/5/1951,36,49,15,truman
1950-12-03,12/8/1950,33,53,14,truman
1950-10-22,10/27/1950,39,46,15,truman
1950-10-20,10/25/1950,41,46,13,truman
1950-10-08,10/13/1950,43,36,21,truman
1950-10-01,10/6/1950,35,50,15,truman
1950-09-17,9/22/1950,35,47,18,truman
1950-08-20,8/25/1950,43,32,25,truman
1950-07-30,8/4/1950,39,45,16,truman
1950-07-09,7/14/1950,46,40,14,truman
1950-06-04,6/9/1950,37,47,16,truman
1950-05-04,5/9/1950,41,38,21,truman
1950-02-26,3/3/1950,37,44,19,truman
1950-01-08,1/13/1950,45,40,15,truman
1949-09-28,10/2/1949,50,35,15,truman
1949-09-25,9/30/1949,51,31,18,truman
1949-09-03,9/8/1949,45,38,17,truman
1949-06-11,6/17/1949,57,27,16,truman
1949-05-02,5/8/1949,51,32,17,truman
1949-03-06,3/11/1949,57,24,19,truman
1949-01-07,1/12/1949,69,17,14,truman
1948-06-18,6/24/1948,40,44,16,truman
1948-05-28,6/2/1948,39,47,14,truman
1948-04-09,4/14/1948,36,50,14,truman
1948-01-02,1/7/1948,53,32,15,truman
1947-11-28,12/2/1947,54,33,13,truman
1947-09-12,9/17/1947,55,29,16,truman
1947-07-04,7/9/1947,61,28,11,truman
1947-06-20,6/25/1947,55,31,14,truman
1947-05-23,5/28/1947,65,24,11,truman
1947-04-25,4/30/1947,57,25,18,truman
1947-03-28,4/2/1947,63,21,16,truman
1947-03-14,3/19/1947,60,23,17,truman
1947-01-17,1/22/1947,48,39,13,truman
1946-12-13,12/18/1946,35,47,18,truman
1946-11-15,11/21/1946,34,53,13,truman
1946-09-13,9/18/1946,33,52,15,truman
1946-06-14,6/19/1946,43,45,12,truman
1946-06-01,6/6/1946,45,42,13,truman
1946-03-29,4/3/1946,51,33,16,truman
1946-02-28,3/5/1946,49,38,13,truman
1946-01-05,1/10/1946,63,22,15,truman
1945-11-02,11/7/1945,75,14,11,truman
1945-10-05,10/10/1945,82,9,9,truman
1945-06-01,6/5/1945,87,3,10,truman
1943-12-15,12/15/1943,65,23,10,roosevelt
1943-03-24,03/24/1943,71,19,8,roosevelt
1943-01-27,01/27/1943,75,16,7,roosevelt
1943-01-07,01/07/1943,75,14,9,roosevelt
1942-11-17,11/17/1942,72,18,8,roosevelt
1942-09-03,09/03/1942,74,18,6,roosevelt
1942-08-13,08/13/1942,74,16,8,roosevelt
1942-07-01,07/01/1942,79,12,8,roosevelt
1942-06-09,06/09/1942,77,15,6,roosevelt
1942-03-12,03/17/1942,75,14,9,roosevelt
1942-03-12,03/17/1942,74,15,9,roosevelt
1942-02-23,02/28/1942,78,13,7,roosevelt
1942-01-23,01/23/1942,83,10,5,roosevelt
1941-09-17,09/17/1941,70,24,5,roosevelt
1941-09-09,09/09/1941,70,23,6,roosevelt
1941-08-26,08/26/1941,67,24,7,roosevelt
1941-08-19,08/19/1941,65,26,7,roosevelt
1941-08-05,08/05/1941,68,23,7,roosevelt
1941-07-29,07/29/1941,65,25,8,roosevelt
1941-07-22,07/22/1941,69,24,6,roosevelt
